date,store_id,store_city,store_location,product_id,product_name,category,unit_sale_price,unit_cost,units_sold,stock_on_hand,is_promo,day_of_week
2026-02-01,S01,Bucuresti,Baneasa,P100,Smartwatch X-Pro,Wearables,850,420,15,222,0,Sunday
2026-02-02,S01,Bucuresti,Baneasa,P100,Smartwatch X-Pro,Wearables,850,420,7,215,0,Monday
2026-02-03,S01,Bucuresti,Baneasa,P100,Smartwatch X-Pro,Wearables,850,420,3,212,0,Tuesday
2026-02-04,S01,Bucuresti,Baneasa,P100,Smartwatch X-Pro,Wearables,850,420,4,208,0,Wednesday
2026-02-05,S01,Bucuresti,Baneasa,P100,Smartwatch X-Pro,Wearables,850,420,5,203,0,Thursday
2026-02-06,S01,Bucuresti,Baneasa,P100,Smartwatch X-Pro,Wearables,850,420,9,194,0,Friday
2026-02-07,S01,Bucuresti,Baneasa,P100,Smartwatch X-Pro,Wearables,850,420,22,172,1,Saturday
2026-02-08,S01,Bucuresti,Baneasa,P100,Smartwatch X-Pro,Wearables,850,420,9,163,0,Sunday
2026-02-09,S01,Bucuresti,Baneasa,P100,Smartwatch X-Pro,Wearables,850,420,8,155,0,Monday
2026-02-10,S01,Bucuresti,Baneasa,P100,Smartwatch X-Pro,Wearables,850,420,8,147,0,Tuesday
2026-02-11,S01,Bucuresti,Baneasa,P100,Smartwatch X-Pro,Wearables,850,420,11,136,0,Wednesday
2026-02-12,S01,Bucuresti,Baneasa,P100,Smartwatch X-Pro,Wearables,850,420,4,132,0,Thursday
2026-02-13,S01,Bucuresti,Baneasa,P100,Smartwatch X-Pro,Wearables,850,420,13,119,0,Friday
2026-02-14,S01,Bucuresti,Baneasa,P100,Smartwatch X-Pro,Wearables,850,420,25,94,1,Saturday
2026-02-15,S01,Bucuresti,Baneasa,P100,Smartwatch X-Pro,Wearables,850,420,14,80,0,Sunday
2026-02-16,S01,Bucuresti,Baneasa,P100,Smartwatch X-Pro,Wearables,850,420,5,75,0,Monday
2026-02-17,S01,Bucuresti,Baneasa,P100,Smartwatch X-Pro,Wearables,850,420,12,63,0,Tuesday
2026-02-18,S01,Bucuresti,Baneasa,P100,Smartwatch X-Pro,Wearables,850,420,7,56,0,Wednesday
2026-02-19,S01,Bucuresti,Baneasa,P100,Smartwatch X-Pro,Wearables,850,420,4,52,0,Thursday
2026-02-20,S01,Bucuresti,Baneasa,P100,Smartwatch X-Pro,Wearables,850,420,7,45,0,Friday
2026-02-21,S01,Bucuresti,Baneasa,P100,Smartwatch X-Pro,Wearables,850,420,18,27,1,Saturday
2026-02-22,S01,Bucuresti,Baneasa,P100,Smartwatch X-Pro,Wearables,850,420,13,14,0,Sunday
2026-02-23,S01,Bucuresti,Baneasa,P100,Smartwatch X-Pro,Wearables,850,420,5,9,0,Monday
2026-02-24,S01,Bucuresti,Baneasa,P100,Smartwatch X-Pro,Wearables,850,420,8,1,0,Tuesday
2026-02-25,S01,Bucuresti,Baneasa,P100,Smartwatch X-Pro,Wearables,850,420,1,0,0,Wednesday
2026-02-26,S01,Bucuresti,Baneasa,P100,Smartwatch X-Pro,Wearables,850,420,0,0,0,Thursday
2026-02-27,S01,Bucuresti,Baneasa,P100,Smartwatch X-Pro,Wearables,850,420,0,0,0,Friday
2026-02-28,S01,Bucuresti,Baneasa,P100,Smartwatch X-Pro,Wearables,850,420,0,0,1,Saturday
2026-03-01,S01,Bucuresti,Baneasa,P100,Smartwatch X-Pro,Wearables,850,420,0,0,0,Sunday
2026-03-02,S01,Bucuresti,Baneasa,P100,Smartwatch X-Pro,Wearables,850,420,0,0,0,Monday
2026-02-01,S01,Bucuresti,Baneasa,P101,Wireless Earbuds NoiseCanc,Audio,450,180,14,219,0,Sunday
2026-02-02,S01,Bucuresti,Baneasa,P101,Wireless Earbuds NoiseCanc,Audio,450,180,9,210,0,Monday
2026-02-03,S01,Bucuresti,Baneasa,P101,Wireless Earbuds NoiseCanc,Audio,450,180,10,200,0,Tuesday
2026-02-04,S01,Bucuresti,Baneasa,P101,Wireless Earbuds NoiseCanc,Audio,450,180,8,192,0,Wednesday
2026-02-05,S01,Bucuresti,Baneasa,P101,Wireless Earbuds NoiseCanc,Audio,450,180,9,183,0,Thursday
2026-02-06,S01,Bucuresti,Baneasa,P101,Wireless Earbuds NoiseCanc,Audio,450,180,8,175,0,Friday
2026-02-07,S01,Bucuresti,Baneasa,P101,Wireless Earbuds NoiseCanc,Audio,450,180,12,163,0,Saturday
2026-02-08,S01,Bucuresti,Baneasa,P101,Wireless Earbuds NoiseCanc,Audio,450,180,14,149,0,Sunday
2026-02-09,S01,Bucuresti,Baneasa,P101,Wireless Earbuds NoiseCanc,Audio,450,180,14,135,0,Monday
2026-02-10,S01,Bucuresti,Baneasa,P101,Wireless Earbuds NoiseCanc,Audio,450,180,6,129,0,Tuesday
2026-02-11,S01,Bucuresti,Baneasa,P101,Wireless Earbuds NoiseCanc,Audio,450,180,6,123,0,Wednesday
2026-02-12,S01,Bucuresti,Baneasa,P101,Wireless Earbuds NoiseCanc,Audio,450,180,8,115,0,Thursday
2026-02-13,S01,Bucuresti,Baneasa,P101,Wireless Earbuds NoiseCanc,Audio,450,180,5,110,0,Friday
2026-02-14,S01,Bucuresti,Baneasa,P101,Wireless Earbuds NoiseCanc,Audio,450,180,14,96,0,Saturday
2026-02-15,S01,Bucuresti,Baneasa,P101,Wireless Earbuds NoiseCanc,Audio,450,180,8,88,0,Sunday
2026-02-16,S01,Bucuresti,Baneasa,P101,Wireless Earbuds NoiseCanc,Audio,450,180,11,77,0,Monday
2026-02-17,S01,Bucuresti,Baneasa,P101,Wireless Earbuds NoiseCanc,Audio,450,180,3,74,0,Tuesday
2026-02-18,S01,Bucuresti,Baneasa,P101,Wireless Earbuds NoiseCanc,Audio,450,180,6,68,0,Wednesday
2026-02-19,S01,Bucuresti,Baneasa,P101,Wireless Earbuds NoiseCanc,Audio,450,180,6,62,0,Thursday
2026-02-20,S01,Bucuresti,Baneasa,P101,Wireless Earbuds NoiseCanc,Audio,450,180,7,55,0,Friday
2026-02-21,S01,Bucuresti,Baneasa,P101,Wireless Earbuds NoiseCanc,Audio,450,180,13,42,0,Saturday
2026-02-22,S01,Bucuresti,Baneasa,P101,Wireless Earbuds NoiseCanc,Audio,450,180,13,29,0,Sunday
2026-02-23,S01,Bucuresti,Baneasa,P101,Wireless Earbuds NoiseCanc,Audio,450,180,7,22,0,Monday
2026-02-24,S01,Bucuresti,Baneasa,P101,Wireless Earbuds NoiseCanc,Audio,450,180,3,19,0,Tuesday
2026-02-25,S01,Bucuresti,Baneasa,P101,Wireless Earbuds NoiseCanc,Audio,450,180,5,14,0,Wednesday
2026-02-26,S01,Bucuresti,Baneasa,P101,Wireless Earbuds NoiseCanc,Audio,450,180,13,1,0,Thursday
2026-02-27,S01,Bucuresti,Baneasa,P101,Wireless Earbuds NoiseCanc,Audio,450,180,1,0,0,Friday
2026-02-28,S01,Bucuresti,Baneasa,P101,Wireless Earbuds NoiseCanc,Audio,450,180,0,0,0,Saturday
2026-03-01,S01,Bucuresti,Baneasa,P101,Wireless Earbuds NoiseCanc,Audio,450,180,0,0,0,Sunday
2026-03-02,S01,Bucuresti,Baneasa,P101,Wireless Earbuds NoiseCanc,Audio,450,180,0,0,0,Monday
2026-02-01,S01,Bucuresti,Baneasa,P102,PowerBank 20000mAh,Accessories,120,45,7,183,0,Sunday
2026-02-02,S01,Bucuresti,Baneasa,P102,PowerBank 20000mAh,Accessories,120,45,2,181,0,Monday
2026-02-03,S01,Bucuresti,Baneasa,P102,PowerBank 20000mAh,Accessories,120,45,3,178,0,Tuesday
2026-02-04,S01,Bucuresti,Baneasa,P102,PowerBank 20000mAh,Accessories,120,45,8,170,0,Wednesday
2026-02-05,S01,Bucuresti,Baneasa,P102,PowerBank 20000mAh,Accessories,120,45,6,164,0,Thursday
2026-02-06,S01,Bucuresti,Baneasa,P102,PowerBank 20000mAh,Accessories,120,45,2,162,0,Friday
2026-02-07,S01,Bucuresti,Baneasa,P102,PowerBank 20000mAh,Accessories,120,45,10,152,0,Saturday
2026-02-08,S01,Bucuresti,Baneasa,P102,PowerBank 20000mAh,Accessories,120,45,8,144,0,Sunday
2026-02-09,S01,Bucuresti,Baneasa,P102,PowerBank 20000mAh,Accessories,120,45,6,138,0,Monday
2026-02-10,S01,Bucuresti,Baneasa,P102,PowerBank 20000mAh,Accessories,120,45,6,132,0,Tuesday
2026-02-11,S01,Bucuresti,Baneasa,P102,PowerBank 20000mAh,Accessories,120,45,6,126,0,Wednesday
2026-02-12,S01,Bucuresti,Baneasa,P102,PowerBank 20000mAh,Accessories,120,45,9,117,0,Thursday
2026-02-13,S01,Bucuresti,Baneasa,P102,PowerBank 20000mAh,Accessories,120,45,4,113,0,Friday
2026-02-14,S01,Bucuresti,Baneasa,P102,PowerBank 20000mAh,Accessories,120,45,11,102,0,Saturday
2026-02-15,S01,Bucuresti,Baneasa,P102,PowerBank 20000mAh,Accessories,120,45,11,91,0,Sunday
2026-02-16,S01,Bucuresti,Baneasa,P102,PowerBank 20000mAh,Accessories,120,45,6,85,0,Monday
2026-02-17,S01,Bucuresti,Baneasa,P102,PowerBank 20000mAh,Accessories,120,45,9,76,0,Tuesday
2026-02-18,S01,Bucuresti,Baneasa,P102,PowerBank 20000mAh,Accessories,120,45,4,72,0,Wednesday
2026-02-19,S01,Bucuresti,Baneasa,P102,PowerBank 20000mAh,Accessories,120,45,1,71,0,Thursday
2026-02-20,S01,Bucuresti,Baneasa,P102,PowerBank 20000mAh,Accessories,120,45,6,65,0,Friday
2026-02-21,S01,Bucuresti,Baneasa,P102,PowerBank 20000mAh,Accessories,120,45,12,53,0,Saturday
2026-02-22,S01,Bucuresti,Baneasa,P102,PowerBank 20000mAh,Accessories,120,45,4,49,0,Sunday
2026-02-23,S01,Bucuresti,Baneasa,P102,PowerBank 20000mAh,Accessories,120,45,3,46,0,Monday
2026-02-24,S01,Bucuresti,Baneasa,P102,PowerBank 20000mAh,Accessories,120,45,5,41,0,Tuesday
2026-02-25,S01,Bucuresti,Baneasa,P102,PowerBank 20000mAh,Accessories,120,45,2,39,0,Wednesday
2026-02-26,S01,Bucuresti,Baneasa,P102,PowerBank 20000mAh,Accessories,120,45,2,37,0,Thursday
2026-02-27,S01,Bucuresti,Baneasa,P102,PowerBank 20000mAh,Accessories,120,45,5,32,0,Friday
2026-02-28,S01,Bucuresti,Baneasa,P102,PowerBank 20000mAh,Accessories,120,45,7,25,0,Saturday
2026-03-01,S01,Bucuresti,Baneasa,P102,PowerBank 20000mAh,Accessories,120,45,7,18,0,Sunday
2026-03-02,S01,Bucuresti,Baneasa,P102,PowerBank 20000mAh,Accessories,120,45,3,15,0,Monday
2026-02-01,S01,Bucuresti,Baneasa,P103,Ergonomic Mouse,Peripherals,240,95,6,189,0,Sunday
2026-02-02,S01,Bucuresti,Baneasa,P103,Ergonomic Mouse,Peripherals,240,95,1,188,0,Monday
2026-02-03,S01,Bucuresti,Baneasa,P103,Ergonomic Mouse,Peripherals,240,95,4,184,0,Tuesday
2026-02-04,S01,Bucuresti,Baneasa,P103,Ergonomic Mouse,Peripherals,240,95,6,178,0,Wednesday
2026-02-05,S01,Bucuresti,Baneasa,P103,Ergonomic Mouse,Peripherals,240,95,3,175,0,Thursday
2026-02-06,S01,Bucuresti,Baneasa,P103,Ergonomic Mouse,Peripherals,240,95,6,169,0,Friday
2026-02-07,S01,Bucuresti,Baneasa,P103,Ergonomic Mouse,Peripherals,240,95,4,165,0,Saturday
2026-02-08,S01,Bucuresti,Baneasa,P103,Ergonomic Mouse,Peripherals,240,95,6,159,0,Sunday
2026-02-09,S01,Bucuresti,Baneasa,P103,Ergonomic Mouse,Peripherals,240,95,8,151,0,Monday
2026-02-10,S01,Bucuresti,Baneasa,P103,Ergonomic Mouse,Peripherals,240,95,5,146,0,Tuesday
2026-02-11,S01,Bucuresti,Baneasa,P103,Ergonomic Mouse,Peripherals,240,95,4,142,0,Wednesday
2026-02-12,S01,Bucuresti,Baneasa,P103,Ergonomic Mouse,Peripherals,240,95,4,138,0,Thursday
2026-02-13,S01,Bucuresti,Baneasa,P103,Ergonomic Mouse,Peripherals,240,95,2,136,0,Friday
2026-02-14,S01,Bucuresti,Baneasa,P103,Ergonomic Mouse,Peripherals,240,95,13,123,0,Saturday
2026-02-15,S01,Bucuresti,Baneasa,P103,Ergonomic Mouse,Peripherals,240,95,7,116,0,Sunday
2026-02-16,S01,Bucuresti,Baneasa,P103,Ergonomic Mouse,Peripherals,240,95,3,113,0,Monday
2026-02-17,S01,Bucuresti,Baneasa,P103,Ergonomic Mouse,Peripherals,240,95,8,105,0,Tuesday
2026-02-18,S01,Bucuresti,Baneasa,P103,Ergonomic Mouse,Peripherals,240,95,6,99,0,Wednesday
2026-02-19,S01,Bucuresti,Baneasa,P103,Ergonomic Mouse,Peripherals,240,95,7,92,0,Thursday
2026-02-20,S01,Bucuresti,Baneasa,P103,Ergonomic Mouse,Peripherals,240,95,7,85,0,Friday
2026-02-21,S01,Bucuresti,Baneasa,P103,Ergonomic Mouse,Peripherals,240,95,7,78,0,Saturday
2026-02-22,S01,Bucuresti,Baneasa,P103,Ergonomic Mouse,Peripherals,240,95,8,70,0,Sunday
2026-02-23,S01,Bucuresti,Baneasa,P103,Ergonomic Mouse,Peripherals,240,95,4,66,0,Monday
2026-02-24,S01,Bucuresti,Baneasa,P103,Ergonomic Mouse,Peripherals,240,95,7,59,0,Tuesday
2026-02-25,S01,Bucuresti,Baneasa,P103,Ergonomic Mouse,Peripherals,240,95,4,55,0,Wednesday
2026-02-26,S01,Bucuresti,Baneasa,P103,Ergonomic Mouse,Peripherals,240,95,9,46,0,Thursday
2026-02-27,S01,Bucuresti,Baneasa,P103,Ergonomic Mouse,Peripherals,240,95,4,42,0,Friday
2026-02-28,S01,Bucuresti,Baneasa,P103,Ergonomic Mouse,Peripherals,240,95,8,34,0,Saturday
2026-03-01,S01,Bucuresti,Baneasa,P103,Ergonomic Mouse,Peripherals,240,95,9,25,0,Sunday
2026-03-02,S01,Bucuresti,Baneasa,P103,Ergonomic Mouse,Peripherals,240,95,3,22,0,Monday
2026-02-01,S01,Bucuresti,Baneasa,P104,USB-C Fast Charger 65W,Accessories,150,50,7,215,0,Sunday
2026-02-02,S01,Bucuresti,Baneasa,P104,USB-C Fast Charger 65W,Accessories,150,50,5,210,0,Monday
2026-02-03,S01,Bucuresti,Baneasa,P104,USB-C Fast Charger 65W,Accessories,150,50,5,205,0,Tuesday
2026-02-04,S01,Bucuresti,Baneasa,P104,USB-C Fast Charger 65W,Accessories,150,50,6,199,0,Wednesday
2026-02-05,S01,Bucuresti,Baneasa,P104,USB-C Fast Charger 65W,Accessories,150,50,6,193,0,Thursday
2026-02-06,S01,Bucuresti,Baneasa,P104,USB-C Fast Charger 65W,Accessories,150,50,3,190,0,Friday
2026-02-07,S01,Bucuresti,Baneasa,P104,USB-C Fast Charger 65W,Accessories,150,50,5,185,0,Saturday
2026-02-08,S01,Bucuresti,Baneasa,P104,USB-C Fast Charger 65W,Accessories,150,50,6,179,0,Sunday
2026-02-09,S01,Bucuresti,Baneasa,P104,USB-C Fast Charger 65W,Accessories,150,50,7,172,0,Monday
2026-02-10,S01,Bucuresti,Baneasa,P104,USB-C Fast Charger 65W,Accessories,150,50,3,169,0,Tuesday
2026-02-11,S01,Bucuresti,Baneasa,P104,USB-C Fast Charger 65W,Accessories,150,50,2,167,0,Wednesday
2026-02-12,S01,Bucuresti,Baneasa,P104,USB-C Fast Charger 65W,Accessories,150,50,8,159,0,Thursday
2026-02-13,S01,Bucuresti,Baneasa,P104,USB-C Fast Charger 65W,Accessories,150,50,7,152,0,Friday
2026-02-14,S01,Bucuresti,Baneasa,P104,USB-C Fast Charger 65W,Accessories,150,50,9,143,0,Saturday
2026-02-15,S01,Bucuresti,Baneasa,P104,USB-C Fast Charger 65W,Accessories,150,50,6,137,0,Sunday
2026-02-16,S01,Bucuresti,Baneasa,P104,USB-C Fast Charger 65W,Accessories,150,50,7,130,0,Monday
2026-02-17,S01,Bucuresti,Baneasa,P104,USB-C Fast Charger 65W,Accessories,150,50,1,129,0,Tuesday
2026-02-18,S01,Bucuresti,Baneasa,P104,USB-C Fast Charger 65W,Accessories,150,50,10,119,0,Wednesday
2026-02-19,S01,Bucuresti,Baneasa,P104,USB-C Fast Charger 65W,Accessories,150,50,4,115,0,Thursday
2026-02-20,S01,Bucuresti,Baneasa,P104,USB-C Fast Charger 65W,Accessories,150,50,6,109,0,Friday
2026-02-21,S01,Bucuresti,Baneasa,P104,USB-C Fast Charger 65W,Accessories,150,50,7,102,0,Saturday
2026-02-22,S01,Bucuresti,Baneasa,P104,USB-C Fast Charger 65W,Accessories,150,50,9,93,0,Sunday
2026-02-23,S01,Bucuresti,Baneasa,P104,USB-C Fast Charger 65W,Accessories,150,50,7,86,0,Monday
2026-02-24,S01,Bucuresti,Baneasa,P104,USB-C Fast Charger 65W,Accessories,150,50,9,77,0,Tuesday
2026-02-25,S01,Bucuresti,Baneasa,P104,USB-C Fast Charger 65W,Accessories,150,50,7,70,0,Wednesday
2026-02-26,S01,Bucuresti,Baneasa,P104,USB-C Fast Charger 65W,Accessories,150,50,5,65,0,Thursday
2026-02-27,S01,Bucuresti,Baneasa,P104,USB-C Fast Charger 65W,Accessories,150,50,10,55,0,Friday
2026-02-28,S01,Bucuresti,Baneasa,P104,USB-C Fast Charger 65W,Accessories,150,50,7,48,0,Saturday
2026-03-01,S01,Bucuresti,Baneasa,P104,USB-C Fast Charger 65W,Accessories,150,50,8,40,0,Sunday
2026-03-02,S01,Bucuresti,Baneasa,P104,USB-C Fast Charger 65W,Accessories,150,50,7,33,0,Monday
2026-02-01,S02,Bucuresti,AFI,P100,Smartwatch X-Pro,Wearables,850,420,9,139,0,Sunday
2026-02-02,S02,Bucuresti,AFI,P100,Smartwatch X-Pro,Wearables,850,420,2,137,0,Monday
2026-02-03,S02,Bucuresti,AFI,P100,Smartwatch X-Pro,Wearables,850,420,2,135,0,Tuesday
2026-02-04,S02,Bucuresti,AFI,P100,Smartwatch X-Pro,Wearables,850,420,0,135,0,Wednesday
2026-02-05,S02,Bucuresti,AFI,P100,Smartwatch X-Pro,Wearables,850,420,6,129,0,Thursday
2026-02-06,S02,Bucuresti,AFI,P100,Smartwatch X-Pro,Wearables,850,420,4,125,0,Friday
2026-02-07,S02,Bucuresti,AFI,P100,Smartwatch X-Pro,Wearables,850,420,13,112,1,Saturday
2026-02-08,S02,Bucuresti,AFI,P100,Smartwatch X-Pro,Wearables,850,420,7,105,0,Sunday
2026-02-09,S02,Bucuresti,AFI,P100,Smartwatch X-Pro,Wearables,850,420,3,102,0,Monday
2026-02-10,S02,Bucuresti,AFI,P100,Smartwatch X-Pro,Wearables,850,420,5,97,0,Tuesday
2026-02-11,S02,Bucuresti,AFI,P100,Smartwatch X-Pro,Wearables,850,420,5,92,0,Wednesday
2026-02-12,S02,Bucuresti,AFI,P100,Smartwatch X-Pro,Wearables,850,420,4,88,0,Thursday
2026-02-13,S02,Bucuresti,AFI,P100,Smartwatch X-Pro,Wearables,850,420,6,82,0,Friday
2026-02-14,S02,Bucuresti,AFI,P100,Smartwatch X-Pro,Wearables,850,420,14,68,1,Saturday
2026-02-15,S02,Bucuresti,AFI,P100,Smartwatch X-Pro,Wearables,850,420,5,63,0,Sunday
2026-02-16,S02,Bucuresti,AFI,P100,Smartwatch X-Pro,Wearables,850,420,1,62,0,Monday
2026-02-17,S02,Bucuresti,AFI,P100,Smartwatch X-Pro,Wearables,850,420,4,58,0,Tuesday
2026-02-18,S02,Bucuresti,AFI,P100,Smartwatch X-Pro,Wearables,850,420,5,53,0,Wednesday
2026-02-19,S02,Bucuresti,AFI,P100,Smartwatch X-Pro,Wearables,850,420,11,42,0,Thursday
2026-02-20,S02,Bucuresti,AFI,P100,Smartwatch X-Pro,Wearables,850,420,4,38,0,Friday
2026-02-21,S02,Bucuresti,AFI,P100,Smartwatch X-Pro,Wearables,850,420,10,28,1,Saturday
2026-02-22,S02,Bucuresti,AFI,P100,Smartwatch X-Pro,Wearables,850,420,4,24,0,Sunday
2026-02-23,S02,Bucuresti,AFI,P100,Smartwatch X-Pro,Wearables,850,420,5,19,0,Monday
2026-02-24,S02,Bucuresti,AFI,P100,Smartwatch X-Pro,Wearables,850,420,5,14,0,Tuesday
2026-02-25,S02,Bucuresti,AFI,P100,Smartwatch X-Pro,Wearables,850,420,5,9,0,Wednesday
2026-02-26,S02,Bucuresti,AFI,P100,Smartwatch X-Pro,Wearables,850,420,2,7,0,Thursday
2026-02-27,S02,Bucuresti,AFI,P100,Smartwatch X-Pro,Wearables,850,420,2,5,0,Friday
2026-02-28,S02,Bucuresti,AFI,P100,Smartwatch X-Pro,Wearables,850,420,5,0,1,Saturday
2026-03-01,S02,Bucuresti,AFI,P100,Smartwatch X-Pro,Wearables,850,420,0,0,0,Sunday
2026-03-02,S02,Bucuresti,AFI,P100,Smartwatch X-Pro,Wearables,850,420,0,0,0,Monday
2026-02-01,S02,Bucuresti,AFI,P101,Wireless Earbuds NoiseCanc,Audio,450,180,1,194,0,Sunday
2026-02-02,S02,Bucuresti,AFI,P101,Wireless Earbuds NoiseCanc,Audio,450,180,4,190,0,Monday
2026-02-03,S02,Bucuresti,AFI,P101,Wireless Earbuds NoiseCanc,Audio,450,180,6,184,0,Tuesday
2026-02-04,S02,Bucuresti,AFI,P101,Wireless Earbuds NoiseCanc,Audio,450,180,8,176,0,Wednesday
2026-02-05,S02,Bucuresti,AFI,P101,Wireless Earbuds NoiseCanc,Audio,450,180,6,170,0,Thursday
2026-02-06,S02,Bucuresti,AFI,P101,Wireless Earbuds NoiseCanc,Audio,450,180,4,166,0,Friday
2026-02-07,S02,Bucuresti,AFI,P101,Wireless Earbuds NoiseCanc,Audio,450,180,4,162,0,Saturday
2026-02-08,S02,Bucuresti,AFI,P101,Wireless Earbuds NoiseCanc,Audio,450,180,6,156,0,Sunday
2026-02-09,S02,Bucuresti,AFI,P101,Wireless Earbuds NoiseCanc,Audio,450,180,5,151,0,Monday
2026-02-10,S02,Bucuresti,AFI,P101,Wireless Earbuds NoiseCanc,Audio,450,180,6,145,0,Tuesday
2026-02-11,S02,Bucuresti,AFI,P101,Wireless Earbuds NoiseCanc,Audio,450,180,10,135,0,Wednesday
2026-02-12,S02,Bucuresti,AFI,P101,Wireless Earbuds NoiseCanc,Audio,450,180,2,133,0,Thursday
2026-02-13,S02,Bucuresti,AFI,P101,Wireless Earbuds NoiseCanc,Audio,450,180,5,128,0,Friday
2026-02-14,S02,Bucuresti,AFI,P101,Wireless Earbuds NoiseCanc,Audio,450,180,8,120,0,Saturday
2026-02-15,S02,Bucuresti,AFI,P101,Wireless Earbuds NoiseCanc,Audio,450,180,8,112,0,Sunday
2026-02-16,S02,Bucuresti,AFI,P101,Wireless Earbuds NoiseCanc,Audio,450,180,10,102,0,Monday
2026-02-17,S02,Bucuresti,AFI,P101,Wireless Earbuds NoiseCanc,Audio,450,180,2,100,0,Tuesday
2026-02-18,S02,Bucuresti,AFI,P101,Wireless Earbuds NoiseCanc,Audio,450,180,7,93,0,Wednesday
2026-02-19,S02,Bucuresti,AFI,P101,Wireless Earbuds NoiseCanc,Audio,450,180,4,89,0,Thursday
2026-02-20,S02,Bucuresti,AFI,P101,Wireless Earbuds NoiseCanc,Audio,450,180,2,87,0,Friday
2026-02-21,S02,Bucuresti,AFI,P101,Wireless Earbuds NoiseCanc,Audio,450,180,6,81,0,Saturday
2026-02-22,S02,Bucuresti,AFI,P101,Wireless Earbuds NoiseCanc,Audio,450,180,12,69,0,Sunday
2026-02-23,S02,Bucuresti,AFI,P101,Wireless Earbuds NoiseCanc,Audio,450,180,8,61,0,Monday
2026-02-24,S02,Bucuresti,AFI,P101,Wireless Earbuds NoiseCanc,Audio,450,180,7,54,0,Tuesday
2026-02-25,S02,Bucuresti,AFI,P101,Wireless Earbuds NoiseCanc,Audio,450,180,3,51,0,Wednesday
2026-02-26,S02,Bucuresti,AFI,P101,Wireless Earbuds NoiseCanc,Audio,450,180,5,46,0,Thursday
2026-02-27,S02,Bucuresti,AFI,P101,Wireless Earbuds NoiseCanc,Audio,450,180,4,42,0,Friday
2026-02-28,S02,Bucuresti,AFI,P101,Wireless Earbuds NoiseCanc,Audio,450,180,8,34,0,Saturday
2026-03-01,S02,Bucuresti,AFI,P101,Wireless Earbuds NoiseCanc,Audio,450,180,8,26,0,Sunday
2026-03-02,S02,Bucuresti,AFI,P101,Wireless Earbuds NoiseCanc,Audio,450,180,8,18,0,Monday
2026-02-01,S02,Bucuresti,AFI,P102,PowerBank 20000mAh,Accessories,120,45,2,150,0,Sunday
2026-02-02,S02,Bucuresti,AFI,P102,PowerBank 20000mAh,Accessories,120,45,3,147,0,Monday
2026-02-03,S02,Bucuresti,AFI,P102,PowerBank 20000mAh,Accessories,120,45,3,144,0,Tuesday
2026-02-04,S02,Bucuresti,AFI,P102,PowerBank 20000mAh,Accessories,120,45,2,142,0,Wednesday
2026-02-05,S02,Bucuresti,AFI,P102,PowerBank 20000mAh,Accessories,120,45,5,137,0,Thursday
2026-02-06,S02,Bucuresti,AFI,P102,PowerBank 20000mAh,Accessories,120,45,2,135,0,Friday
2026-02-07,S02,Bucuresti,AFI,P102,PowerBank 20000mAh,Accessories,120,45,5,130,0,Saturday
2026-02-08,S02,Bucuresti,AFI,P102,PowerBank 20000mAh,Accessories,120,45,6,124,0,Sunday
2026-02-09,S02,Bucuresti,AFI,P102,PowerBank 20000mAh,Accessories,120,45,0,124,0,Monday
2026-02-10,S02,Bucuresti,AFI,P102,PowerBank 20000mAh,Accessories,120,45,4,120,0,Tuesday
2026-02-11,S02,Bucuresti,AFI,P102,PowerBank 20000mAh,Accessories,120,45,8,112,0,Wednesday
2026-02-12,S02,Bucuresti,AFI,P102,PowerBank 20000mAh,Accessories,120,45,5,107,0,Thursday
2026-02-13,S02,Bucuresti,AFI,P102,PowerBank 20000mAh,Accessories,120,45,3,104,0,Friday
2026-02-14,S02,Bucuresti,AFI,P102,PowerBank 20000mAh,Accessories,120,45,9,95,0,Saturday
2026-02-15,S02,Bucuresti,AFI,P102,PowerBank 20000mAh,Accessories,120,45,8,87,0,Sunday
2026-02-16,S02,Bucuresti,AFI,P102,PowerBank 20000mAh,Accessories,120,45,5,82,0,Monday
2026-02-17,S02,Bucuresti,AFI,P102,PowerBank 20000mAh,Accessories,120,45,5,77,0,Tuesday
2026-02-18,S02,Bucuresti,AFI,P102,PowerBank 20000mAh,Accessories,120,45,4,73,0,Wednesday
2026-02-19,S02,Bucuresti,AFI,P102,PowerBank 20000mAh,Accessories,120,45,6,67,0,Thursday
2026-02-20,S02,Bucuresti,AFI,P102,PowerBank 20000mAh,Accessories,120,45,5,62,0,Friday
2026-02-21,S02,Bucuresti,AFI,P102,PowerBank 20000mAh,Accessories,120,45,7,55,0,Saturday
2026-02-22,S02,Bucuresti,AFI,P102,PowerBank 20000mAh,Accessories,120,45,8,47,0,Sunday
2026-02-23,S02,Bucuresti,AFI,P102,PowerBank 20000mAh,Accessories,120,45,4,43,0,Monday
2026-02-24,S02,Bucuresti,AFI,P102,PowerBank 20000mAh,Accessories,120,45,3,40,0,Tuesday
2026-02-25,S02,Bucuresti,AFI,P102,PowerBank 20000mAh,Accessories,120,45,1,39,0,Wednesday
2026-02-26,S02,Bucuresti,AFI,P102,PowerBank 20000mAh,Accessories,120,45,5,34,0,Thursday
2026-02-27,S02,Bucuresti,AFI,P102,PowerBank 20000mAh,Accessories,120,45,5,29,0,Friday
2026-02-28,S02,Bucuresti,AFI,P102,PowerBank 20000mAh,Accessories,120,45,8,21,0,Saturday
2026-03-01,S02,Bucuresti,AFI,P102,PowerBank 20000mAh,Accessories,120,45,6,15,0,Sunday
2026-03-02,S02,Bucuresti,AFI,P102,PowerBank 20000mAh,Accessories,120,45,3,12,0,Monday
2026-02-01,S02,Bucuresti,AFI,P103,Ergonomic Mouse,Peripherals,240,95,6,108,0,Sunday
2026-02-02,S02,Bucuresti,AFI,P103,Ergonomic Mouse,Peripherals,240,95,5,103,0,Monday
2026-02-03,S02,Bucuresti,AFI,P103,Ergonomic Mouse,Peripherals,240,95,3,100,0,Tuesday
2026-02-04,S02,Bucuresti,AFI,P103,Ergonomic Mouse,Peripherals,240,95,3,97,0,Wednesday
2026-02-05,S02,Bucuresti,AFI,P103,Ergonomic Mouse,Peripherals,240,95,2,95,0,Thursday
2026-02-06,S02,Bucuresti,AFI,P103,Ergonomic Mouse,Peripherals,240,95,4,91,0,Friday
2026-02-07,S02,Bucuresti,AFI,P103,Ergonomic Mouse,Peripherals,240,95,2,89,0,Saturday
2026-02-08,S02,Bucuresti,AFI,P103,Ergonomic Mouse,Peripherals,240,95,6,83,0,Sunday
2026-02-09,S02,Bucuresti,AFI,P103,Ergonomic Mouse,Peripherals,240,95,4,79,0,Monday
2026-02-10,S02,Bucuresti,AFI,P103,Ergonomic Mouse,Peripherals,240,95,2,77,0,Tuesday
2026-02-11,S02,Bucuresti,AFI,P103,Ergonomic Mouse,Peripherals,240,95,4,73,0,Wednesday
2026-02-12,S02,Bucuresti,AFI,P103,Ergonomic Mouse,Peripherals,240,95,1,72,0,Thursday
2026-02-13,S02,Bucuresti,AFI,P103,Ergonomic Mouse,Peripherals,240,95,4,68,0,Friday
2026-02-14,S02,Bucuresti,AFI,P103,Ergonomic Mouse,Peripherals,240,95,5,63,0,Saturday
2026-02-15,S02,Bucuresti,AFI,P103,Ergonomic Mouse,Peripherals,240,95,1,62,0,Sunday
2026-02-16,S02,Bucuresti,AFI,P103,Ergonomic Mouse,Peripherals,240,95,2,60,0,Monday
2026-02-17,S02,Bucuresti,AFI,P103,Ergonomic Mouse,Peripherals,240,95,2,58,0,Tuesday
2026-02-18,S02,Bucuresti,AFI,P103,Ergonomic Mouse,Peripherals,240,95,4,54,0,Wednesday
2026-02-19,S02,Bucuresti,AFI,P103,Ergonomic Mouse,Peripherals,240,95,5,49,0,Thursday
2026-02-20,S02,Bucuresti,AFI,P103,Ergonomic Mouse,Peripherals,240,95,5,44,0,Friday
2026-02-21,S02,Bucuresti,AFI,P103,Ergonomic Mouse,Peripherals,240,95,3,41,0,Saturday
2026-02-22,S02,Bucuresti,AFI,P103,Ergonomic Mouse,Peripherals,240,95,5,36,0,Sunday
2026-02-23,S02,Bucuresti,AFI,P103,Ergonomic Mouse,Peripherals,240,95,3,33,0,Monday
2026-02-24,S02,Bucuresti,AFI,P103,Ergonomic Mouse,Peripherals,240,95,6,27,0,Tuesday
2026-02-25,S02,Bucuresti,AFI,P103,Ergonomic Mouse,Peripherals,240,95,3,24,0,Wednesday
2026-02-26,S02,Bucuresti,AFI,P103,Ergonomic Mouse,Peripherals,240,95,4,20,0,Thursday
2026-02-27,S02,Bucuresti,AFI,P103,Ergonomic Mouse,Peripherals,240,95,2,18,0,Friday
2026-02-28,S02,Bucuresti,AFI,P103,Ergonomic Mouse,Peripherals,240,95,1,17,0,Saturday
2026-03-01,S02,Bucuresti,AFI,P103,Ergonomic Mouse,Peripherals,240,95,4,13,0,Sunday
2026-03-02,S02,Bucuresti,AFI,P103,Ergonomic Mouse,Peripherals,240,95,4,9,0,Monday
2026-02-01,S02,Bucuresti,AFI,P104,USB-C Fast Charger 65W,Accessories,150,50,3,114,0,Sunday
2026-02-02,S02,Bucuresti,AFI,P104,USB-C Fast Charger 65W,Accessories,150,50,4,110,0,Monday
2026-02-03,S02,Bucuresti,AFI,P104,USB-C Fast Charger 65W,Accessories,150,50,1,109,0,Tuesday
2026-02-04,S02,Bucuresti,AFI,P104,USB-C Fast Charger 65W,Accessories,150,50,6,103,0,Wednesday
2026-02-05,S02,Bucuresti,AFI,P104,USB-C Fast Charger 65W,Accessories,150,50,2,101,0,Thursday
2026-02-06,S02,Bucuresti,AFI,P104,USB-C Fast Charger 65W,Accessories,150,50,3,98,0,Friday
2026-02-07,S02,Bucuresti,AFI,P104,USB-C Fast Charger 65W,Accessories,150,50,6,92,0,Saturday
2026-02-08,S02,Bucuresti,AFI,P104,USB-C Fast Charger 65W,Accessories,150,50,3,89,0,Sunday
2026-02-09,S02,Bucuresti,AFI,P104,USB-C Fast Charger 65W,Accessories,150,50,0,89,0,Monday
2026-02-10,S02,Bucuresti,AFI,P104,USB-C Fast Charger 65W,Accessories,150,50,3,86,0,Tuesday
2026-02-11,S02,Bucuresti,AFI,P104,USB-C Fast Charger 65W,Accessories,150,50,1,85,0,Wednesday
2026-02-12,S02,Bucuresti,AFI,P104,USB-C Fast Charger 65W,Accessories,150,50,2,83,0,Thursday
2026-02-13,S02,Bucuresti,AFI,P104,USB-C Fast Charger 65W,Accessories,150,50,6,77,0,Friday
2026-02-14,S02,Bucuresti,AFI,P104,USB-C Fast Charger 65W,Accessories,150,50,4,73,0,Saturday
2026-02-15,S02,Bucuresti,AFI,P104,USB-C Fast Charger 65W,Accessories,150,50,6,67,0,Sunday
2026-02-16,S02,Bucuresti,AFI,P104,USB-C Fast Charger 65W,Accessories,150,50,3,64,0,Monday
2026-02-17,S02,Bucuresti,AFI,P104,USB-C Fast Charger 65W,Accessories,150,50,3,61,0,Tuesday
2026-02-18,S02,Bucuresti,AFI,P104,USB-C Fast Charger 65W,Accessories,150,50,0,61,0,Wednesday
2026-02-19,S02,Bucuresti,AFI,P104,USB-C Fast Charger 65W,Accessories,150,50,0,61,0,Thursday
2026-02-20,S02,Bucuresti,AFI,P104,USB-C Fast Charger 65W,Accessories,150,50,3,58,0,Friday
2026-02-21,S02,Bucuresti,AFI,P104,USB-C Fast Charger 65W,Accessories,150,50,2,56,0,Saturday
2026-02-22,S02,Bucuresti,AFI,P104,USB-C Fast Charger 65W,Accessories,150,50,9,47,0,Sunday
2026-02-23,S02,Bucuresti,AFI,P104,USB-C Fast Charger 65W,Accessories,150,50,1,46,0,Monday
2026-02-24,S02,Bucuresti,AFI,P104,USB-C Fast Charger 65W,Accessories,150,50,6,40,0,Tuesday
2026-02-25,S02,Bucuresti,AFI,P104,USB-C Fast Charger 65W,Accessories,150,50,2,38,0,Wednesday
2026-02-26,S02,Bucuresti,AFI,P104,USB-C Fast Charger 65W,Accessories,150,50,4,34,0,Thursday
2026-02-27,S02,Bucuresti,AFI,P104,USB-C Fast Charger 65W,Accessories,150,50,2,32,0,Friday
2026-02-28,S02,Bucuresti,AFI,P104,USB-C Fast Charger 65W,Accessories,150,50,4,28,0,Saturday
2026-03-01,S02,Bucuresti,AFI,P104,USB-C Fast Charger 65W,Accessories,150,50,2,26,0,Sunday
2026-03-02,S02,Bucuresti,AFI,P104,USB-C Fast Charger 65W,Accessories,150,50,3,23,0,Monday
2026-02-01,S03,Cluj,Iulius,P100,Smartwatch X-Pro,Wearables,850,420,1,197,0,Sunday
2026-02-02,S03,Cluj,Iulius,P100,Smartwatch X-Pro,Wearables,850,420,0,197,0,Monday
2026-02-03,S03,Cluj,Iulius,P100,Smartwatch X-Pro,Wearables,850,420,2,195,0,Tuesday
2026-02-04,S03,Cluj,Iulius,P100,Smartwatch X-Pro,Wearables,850,420,4,191,0,Wednesday
2026-02-05,S03,Cluj,Iulius,P100,Smartwatch X-Pro,Wearables,850,420,1,190,0,Thursday
2026-02-06,S03,Cluj,Iulius,P100,Smartwatch X-Pro,Wearables,850,420,3,187,0,Friday
2026-02-07,S03,Cluj,Iulius,P100,Smartwatch X-Pro,Wearables,850,420,4,183,1,Saturday
2026-02-08,S03,Cluj,Iulius,P100,Smartwatch X-Pro,Wearables,850,420,0,183,0,Sunday
2026-02-09,S03,Cluj,Iulius,P100,Smartwatch X-Pro,Wearables,850,420,0,183,0,Monday
2026-02-10,S03,Cluj,Iulius,P100,Smartwatch X-Pro,Wearables,850,420,2,181,0,Tuesday
2026-02-11,S03,Cluj,Iulius,P100,Smartwatch X-Pro,Wearables,850,420,2,179,0,Wednesday
2026-02-12,S03,Cluj,Iulius,P100,Smartwatch X-Pro,Wearables,850,420,1,178,0,Thursday
2026-02-13,S03,Cluj,Iulius,P100,Smartwatch X-Pro,Wearables,850,420,1,177,0,Friday
2026-02-14,S03,Cluj,Iulius,P100,Smartwatch X-Pro,Wearables,850,420,5,172,1,Saturday
2026-02-15,S03,Cluj,Iulius,P100,Smartwatch X-Pro,Wearables,850,420,1,171,0,Sunday
2026-02-16,S03,Cluj,Iulius,P100,Smartwatch X-Pro,Wearables,850,420,0,171,0,Monday
2026-02-17,S03,Cluj,Iulius,P100,Smartwatch X-Pro,Wearables,850,420,0,169,0,Tuesday
2026-02-18,S03,Cluj,Iulius,P100,Smartwatch X-Pro,Wearables,850,420,0,168,0,Wednesday
2026-02-19,S03,Cluj,Iulius,P100,Smartwatch X-Pro,Wearables,850,420,0,168,0,Thursday
2026-02-20,S03,Cluj,Iulius,P100,Smartwatch X-Pro,Wearables,850,420,0,166,0,Friday
2026-02-21,S03,Cluj,Iulius,P100,Smartwatch X-Pro,Wearables,850,420,0,163,1,Saturday
2026-02-22,S03,Cluj,Iulius,P100,Smartwatch X-Pro,Wearables,850,420,0,163,0,Sunday
2026-02-23,S03,Cluj,Iulius,P100,Smartwatch X-Pro,Wearables,850,420,0,162,0,Monday
2026-02-24,S03,Cluj,Iulius,P100,Smartwatch X-Pro,Wearables,850,420,0,161,0,Tuesday
2026-02-25,S03,Cluj,Iulius,P100,Smartwatch X-Pro,Wearables,850,420,0,160,0,Wednesday
2026-02-26,S03,Cluj,Iulius,P100,Smartwatch X-Pro,Wearables,850,420,0,160,0,Thursday
2026-02-27,S03,Cluj,Iulius,P100,Smartwatch X-Pro,Wearables,850,420,0,160,0,Friday
2026-02-28,S03,Cluj,Iulius,P100,Smartwatch X-Pro,Wearables,850,420,0,156,1,Saturday
2026-03-01,S03,Cluj,Iulius,P100,Smartwatch X-Pro,Wearables,850,420,0,153,0,Sunday
2026-03-02,S03,Cluj,Iulius,P100,Smartwatch X-Pro,Wearables,850,420,0,152,0,Monday
2026-02-01,S03,Cluj,Iulius,P101,Wireless Earbuds NoiseCanc,Audio,450,180,0,167,0,Sunday
2026-02-02,S03,Cluj,Iulius,P101,Wireless Earbuds NoiseCanc,Audio,450,180,0,167,0,Monday
2026-02-03,S03,Cluj,Iulius,P101,Wireless Earbuds NoiseCanc,Audio,450,180,0,167,0,Tuesday
2026-02-04,S03,Cluj,Iulius,P101,Wireless Earbuds NoiseCanc,Audio,450,180,1,166,0,Wednesday
2026-02-05,S03,Cluj,Iulius,P101,Wireless Earbuds NoiseCanc,Audio,450,180,2,164,0,Thursday
2026-02-06,S03,Cluj,Iulius,P101,Wireless Earbuds NoiseCanc,Audio,450,180,0,164,0,Friday
2026-02-07,S03,Cluj,Iulius,P101,Wireless Earbuds NoiseCanc,Audio,450,180,1,163,0,Saturday
2026-02-08,S03,Cluj,Iulius,P101,Wireless Earbuds NoiseCanc,Audio,450,180,0,163,0,Sunday
2026-02-09,S03,Cluj,Iulius,P101,Wireless Earbuds NoiseCanc,Audio,450,180,1,162,0,Monday
2026-02-10,S03,Cluj,Iulius,P101,Wireless Earbuds NoiseCanc,Audio,450,180,1,161,0,Tuesday
2026-02-11,S03,Cluj,Iulius,P101,Wireless Earbuds NoiseCanc,Audio,450,180,0,161,0,Wednesday
2026-02-12,S03,Cluj,Iulius,P101,Wireless Earbuds NoiseCanc,Audio,450,180,1,160,0,Thursday
2026-02-13,S03,Cluj,Iulius,P101,Wireless Earbuds NoiseCanc,Audio,450,180,3,157,0,Friday
2026-02-14,S03,Cluj,Iulius,P101,Wireless Earbuds NoiseCanc,Audio,450,180,2,155,0,Saturday
2026-02-15,S03,Cluj,Iulius,P101,Wireless Earbuds NoiseCanc,Audio,450,180,0,155,0,Sunday
2026-02-16,S03,Cluj,Iulius,P101,Wireless Earbuds NoiseCanc,Audio,450,180,1,154,0,Monday
2026-02-17,S03,Cluj,Iulius,P101,Wireless Earbuds NoiseCanc,Audio,450,180,1,153,0,Tuesday
2026-02-18,S03,Cluj,Iulius,P101,Wireless Earbuds NoiseCanc,Audio,450,180,3,150,0,Wednesday
2026-02-19,S03,Cluj,Iulius,P101,Wireless Earbuds NoiseCanc,Audio,450,180,0,150,0,Thursday
2026-02-20,S03,Cluj,Iulius,P101,Wireless Earbuds NoiseCanc,Audio,450,180,1,149,0,Friday
2026-02-21,S03,Cluj,Iulius,P101,Wireless Earbuds NoiseCanc,Audio,450,180,0,149,0,Saturday
2026-02-22,S03,Cluj,Iulius,P101,Wireless Earbuds NoiseCanc,Audio,450,180,5,144,0,Sunday
2026-02-23,S03,Cluj,Iulius,P101,Wireless Earbuds NoiseCanc,Audio,450,180,2,142,0,Monday
2026-02-24,S03,Cluj,Iulius,P101,Wireless Earbuds NoiseCanc,Audio,450,180,2,140,0,Tuesday
2026-02-25,S03,Cluj,Iulius,P101,Wireless Earbuds NoiseCanc,Audio,450,180,3,137,0,Wednesday
2026-02-26,S03,Cluj,Iulius,P101,Wireless Earbuds NoiseCanc,Audio,450,180,1,136,0,Thursday
2026-02-27,S03,Cluj,Iulius,P101,Wireless Earbuds NoiseCanc,Audio,450,180,1,135,0,Friday
2026-02-28,S03,Cluj,Iulius,P101,Wireless Earbuds NoiseCanc,Audio,450,180,1,134,0,Saturday
2026-03-01,S03,Cluj,Iulius,P101,Wireless Earbuds NoiseCanc,Audio,450,180,3,131,0,Sunday
2026-03-02,S03,Cluj,Iulius,P101,Wireless Earbuds NoiseCanc,Audio,450,180,3,128,0,Monday
2026-02-01,S03,Cluj,Iulius,P102,PowerBank 20000mAh,Accessories,120,45,4,116,0,Sunday
2026-02-02,S03,Cluj,Iulius,P102,PowerBank 20000mAh,Accessories,120,45,1,115,0,Monday
2026-02-03,S03,Cluj,Iulius,P102,PowerBank 20000mAh,Accessories,120,45,0,115,0,Tuesday
2026-02-04,S03,Cluj,Iulius,P102,PowerBank 20000mAh,Accessories,120,45,4,111,0,Wednesday
2026-02-05,S03,Cluj,Iulius,P102,PowerBank 20000mAh,Accessories,120,45,3,108,0,Thursday
2026-02-06,S03,Cluj,Iulius,P102,PowerBank 20000mAh,Accessories,120,45,1,107,0,Friday
2026-02-07,S03,Cluj,Iulius,P102,PowerBank 20000mAh,Accessories,120,45,5,102,0,Saturday
2026-02-08,S03,Cluj,Iulius,P102,PowerBank 20000mAh,Accessories,120,45,4,98,0,Sunday
2026-02-09,S03,Cluj,Iulius,P102,PowerBank 20000mAh,Accessories,120,45,6,92,0,Monday
2026-02-10,S03,Cluj,Iulius,P102,PowerBank 20000mAh,Accessories,120,45,2,90,0,Tuesday
2026-02-11,S03,Cluj,Iulius,P102,PowerBank 20000mAh,Accessories,120,45,4,86,0,Wednesday
2026-02-12,S03,Cluj,Iulius,P102,PowerBank 20000mAh,Accessories,120,45,2,84,0,Thursday
2026-02-13,S03,Cluj,Iulius,P102,PowerBank 20000mAh,Accessories,120,45,4,80,0,Friday
2026-02-14,S03,Cluj,Iulius,P102,PowerBank 20000mAh,Accessories,120,45,7,73,0,Saturday
2026-02-15,S03,Cluj,Iulius,P102,PowerBank 20000mAh,Accessories,120,45,4,69,0,Sunday
2026-02-16,S03,Cluj,Iulius,P102,PowerBank 20000mAh,Accessories,120,45,3,66,0,Monday
2026-02-17,S03,Cluj,Iulius,P102,PowerBank 20000mAh,Accessories,120,45,4,62,0,Tuesday
2026-02-18,S03,Cluj,Iulius,P102,PowerBank 20000mAh,Accessories,120,45,4,58,0,Wednesday
2026-02-19,S03,Cluj,Iulius,P102,PowerBank 20000mAh,Accessories,120,45,2,56,0,Thursday
2026-02-20,S03,Cluj,Iulius,P102,PowerBank 20000mAh,Accessories,120,45,5,51,0,Friday
2026-02-21,S03,Cluj,Iulius,P102,PowerBank 20000mAh,Accessories,120,45,2,49,0,Saturday
2026-02-22,S03,Cluj,Iulius,P102,PowerBank 20000mAh,Accessories,120,45,5,44,0,Sunday
2026-02-23,S03,Cluj,Iulius,P102,PowerBank 20000mAh,Accessories,120,45,2,42,0,Monday
2026-02-24,S03,Cluj,Iulius,P102,PowerBank 20000mAh,Accessories,120,45,1,41,0,Tuesday
2026-02-25,S03,Cluj,Iulius,P102,PowerBank 20000mAh,Accessories,120,45,3,38,0,Wednesday
2026-02-26,S03,Cluj,Iulius,P102,PowerBank 20000mAh,Accessories,120,45,3,35,0,Thursday
2026-02-27,S03,Cluj,Iulius,P102,PowerBank 20000mAh,Accessories,120,45,3,32,0,Friday
2026-02-28,S03,Cluj,Iulius,P102,PowerBank 20000mAh,Accessories,120,45,4,28,0,Saturday
2026-03-01,S03,Cluj,Iulius,P102,PowerBank 20000mAh,Accessories,120,45,7,21,0,Sunday
2026-03-02,S03,Cluj,Iulius,P102,PowerBank 20000mAh,Accessories,120,45,4,17,0,Monday
2026-02-01,S03,Cluj,Iulius,P103,Ergonomic Mouse,Peripherals,240,95,6,158,0,Sunday
2026-02-02,S03,Cluj,Iulius,P103,Ergonomic Mouse,Peripherals,240,95,2,156,0,Monday
2026-02-03,S03,Cluj,Iulius,P103,Ergonomic Mouse,Peripherals,240,95,5,151,0,Tuesday
2026-02-04,S03,Cluj,Iulius,P103,Ergonomic Mouse,Peripherals,240,95,8,143,0,Wednesday
2026-02-05,S03,Cluj,Iulius,P103,Ergonomic Mouse,Peripherals,240,95,2,141,0,Thursday
2026-02-06,S03,Cluj,Iulius,P103,Ergonomic Mouse,Peripherals,240,95,6,135,0,Friday
2026-02-07,S03,Cluj,Iulius,P103,Ergonomic Mouse,Peripherals,240,95,5,130,0,Saturday
2026-02-08,S03,Cluj,Iulius,P103,Ergonomic Mouse,Peripherals,240,95,3,127,0,Sunday
2026-02-09,S03,Cluj,Iulius,P103,Ergonomic Mouse,Peripherals,240,95,4,123,0,Monday
2026-02-10,S03,Cluj,Iulius,P103,Ergonomic Mouse,Peripherals,240,95,3,120,0,Tuesday
2026-02-11,S03,Cluj,Iulius,P103,Ergonomic Mouse,Peripherals,240,95,3,117,0,Wednesday
2026-02-12,S03,Cluj,Iulius,P103,Ergonomic Mouse,Peripherals,240,95,4,113,0,Thursday
2026-02-13,S03,Cluj,Iulius,P103,Ergonomic Mouse,Peripherals,240,95,3,110,0,Friday
2026-02-14,S03,Cluj,Iulius,P103,Ergonomic Mouse,Peripherals,240,95,4,106,0,Saturday
2026-02-15,S03,Cluj,Iulius,P103,Ergonomic Mouse,Peripherals,240,95,4,102,0,Sunday
2026-02-16,S03,Cluj,Iulius,P103,Ergonomic Mouse,Peripherals,240,95,1,101,0,Monday
2026-02-17,S03,Cluj,Iulius,P103,Ergonomic Mouse,Peripherals,240,95,9,92,0,Tuesday
2026-02-18,S03,Cluj,Iulius,P103,Ergonomic Mouse,Peripherals,240,95,5,87,0,Wednesday
2026-02-19,S03,Cluj,Iulius,P103,Ergonomic Mouse,Peripherals,240,95,1,86,0,Thursday
2026-02-20,S03,Cluj,Iulius,P103,Ergonomic Mouse,Peripherals,240,95,2,84,0,Friday
2026-02-21,S03,Cluj,Iulius,P103,Ergonomic Mouse,Peripherals,240,95,5,79,0,Saturday
2026-02-22,S03,Cluj,Iulius,P103,Ergonomic Mouse,Peripherals,240,95,10,69,0,Sunday
2026-02-23,S03,Cluj,Iulius,P103,Ergonomic Mouse,Peripherals,240,95,4,65,0,Monday
2026-02-24,S03,Cluj,Iulius,P103,Ergonomic Mouse,Peripherals,240,95,3,62,0,Tuesday
2026-02-25,S03,Cluj,Iulius,P103,Ergonomic Mouse,Peripherals,240,95,3,59,0,Wednesday
2026-02-26,S03,Cluj,Iulius,P103,Ergonomic Mouse,Peripherals,240,95,4,55,0,Thursday
2026-02-27,S03,Cluj,Iulius,P103,Ergonomic Mouse,Peripherals,240,95,2,53,0,Friday
2026-02-28,S03,Cluj,Iulius,P103,Ergonomic Mouse,Peripherals,240,95,9,44,0,Saturday
2026-03-01,S03,Cluj,Iulius,P103,Ergonomic Mouse,Peripherals,240,95,6,38,0,Sunday
2026-03-02,S03,Cluj,Iulius,P103,Ergonomic Mouse,Peripherals,240,95,3,35,0,Monday
2026-02-01,S03,Cluj,Iulius,P104,USB-C Fast Charger 65W,Accessories,150,50,9,139,0,Sunday
2026-02-02,S03,Cluj,Iulius,P104,USB-C Fast Charger 65W,Accessories,150,50,5,134,0,Monday
2026-02-03,S03,Cluj,Iulius,P104,USB-C Fast Charger 65W,Accessories,150,50,1,133,0,Tuesday
2026-02-04,S03,Cluj,Iulius,P104,USB-C Fast Charger 65W,Accessories,150,50,6,127,0,Wednesday
2026-02-05,S03,Cluj,Iulius,P104,USB-C Fast Charger 65W,Accessories,150,50,2,125,0,Thursday
2026-02-06,S03,Cluj,Iulius,P104,USB-C Fast Charger 65W,Accessories,150,50,5,120,0,Friday
2026-02-07,S03,Cluj,Iulius,P104,USB-C Fast Charger 65W,Accessories,150,50,8,112,0,Saturday
2026-02-08,S03,Cluj,Iulius,P104,USB-C Fast Charger 65W,Accessories,150,50,7,105,0,Sunday
2026-02-09,S03,Cluj,Iulius,P104,USB-C Fast Charger 65W,Accessories,150,50,4,101,0,Monday
2026-02-10,S03,Cluj,Iulius,P104,USB-C Fast Charger 65W,Accessories,150,50,7,94,0,Tuesday
2026-02-11,S03,Cluj,Iulius,P104,USB-C Fast Charger 65W,Accessories,150,50,1,93,0,Wednesday
2026-02-12,S03,Cluj,Iulius,P104,USB-C Fast Charger 65W,Accessories,150,50,2,91,0,Thursday
2026-02-13,S03,Cluj,Iulius,P104,USB-C Fast Charger 65W,Accessories,150,50,8,83,0,Friday
2026-02-14,S03,Cluj,Iulius,P104,USB-C Fast Charger 65W,Accessories,150,50,6,77,0,Saturday
2026-02-15,S03,Cluj,Iulius,P104,USB-C Fast Charger 65W,Accessories,150,50,7,70,0,Sunday
2026-02-16,S03,Cluj,Iulius,P104,USB-C Fast Charger 65W,Accessories,150,50,4,66,0,Monday
2026-02-17,S03,Cluj,Iulius,P104,USB-C Fast Charger 65W,Accessories,150,50,1,65,0,Tuesday
2026-02-18,S03,Cluj,Iulius,P104,USB-C Fast Charger 65W,Accessories,150,50,1,64,0,Wednesday
2026-02-19,S03,Cluj,Iulius,P104,USB-C Fast Charger 65W,Accessories,150,50,3,61,0,Thursday
2026-02-20,S03,Cluj,Iulius,P104,USB-C Fast Charger 65W,Accessories,150,50,4,57,0,Friday
2026-02-21,S03,Cluj,Iulius,P104,USB-C Fast Charger 65W,Accessories,150,50,2,55,0,Saturday
2026-02-22,S03,Cluj,Iulius,P104,USB-C Fast Charger 65W,Accessories,150,50,8,47,0,Sunday
2026-02-23,S03,Cluj,Iulius,P104,USB-C Fast Charger 65W,Accessories,150,50,1,46,0,Monday
2026-02-24,S03,Cluj,Iulius,P104,USB-C Fast Charger 65W,Accessories,150,50,4,42,0,Tuesday
2026-02-25,S03,Cluj,Iulius,P104,USB-C Fast Charger 65W,Accessories,150,50,3,39,0,Wednesday
2026-02-26,S03,Cluj,Iulius,P104,USB-C Fast Charger 65W,Accessories,150,50,2,37,0,Thursday
2026-02-27,S03,Cluj,Iulius,P104,USB-C Fast Charger 65W,Accessories,150,50,4,33,0,Friday
2026-02-28,S03,Cluj,Iulius,P104,USB-C Fast Charger 65W,Accessories,150,50,6,27,0,Saturday
2026-03-01,S03,Cluj,Iulius,P104,USB-C Fast Charger 65W,Accessories,150,50,6,21,0,Sunday
2026-03-02,S03,Cluj,Iulius,P104,USB-C Fast Charger 65W,Accessories,150,50,5,16,0,Monday
2026-02-01,S04,Timisoara,Vivo,P100,Smartwatch X-Pro,Wearables,850,420,4,116,0,Sunday
2026-02-02,S04,Timisoara,Vivo,P100,Smartwatch X-Pro,Wearables,850,420,3,113,0,Monday
2026-02-03,S04,Timisoara,Vivo,P100,Smartwatch X-Pro,Wearables,850,420,4,109,0,Tuesday
2026-02-04,S04,Timisoara,Vivo,P100,Smartwatch X-Pro,Wearables,850,420,3,106,0,Wednesday
2026-02-05,S04,Timisoara,Vivo,P100,Smartwatch X-Pro,Wearables,850,420,4,102,0,Thursday
2026-02-06,S04,Timisoara,Vivo,P100,Smartwatch X-Pro,Wearables,850,420,2,100,0,Friday
2026-02-07,S04,Timisoara,Vivo,P100,Smartwatch X-Pro,Wearables,850,420,8,92,1,Saturday
2026-02-08,S04,Timisoara,Vivo,P100,Smartwatch X-Pro,Wearables,850,420,3,89,0,Sunday
2026-02-09,S04,Timisoara,Vivo,P100,Smartwatch X-Pro,Wearables,850,420,4,85,0,Monday
2026-02-10,S04,Timisoara,Vivo,P100,Smartwatch X-Pro,Wearables,850,420,5,80,0,Tuesday
2026-02-11,S04,Timisoara,Vivo,P100,Smartwatch X-Pro,Wearables,850,420,5,75,0,Wednesday
2026-02-12,S04,Timisoara,Vivo,P100,Smartwatch X-Pro,Wearables,850,420,0,75,0,Thursday
2026-02-13,S04,Timisoara,Vivo,P100,Smartwatch X-Pro,Wearables,850,420,2,73,0,Friday
2026-02-14,S04,Timisoara,Vivo,P100,Smartwatch X-Pro,Wearables,850,420,8,65,1,Saturday
2026-02-15,S04,Timisoara,Vivo,P100,Smartwatch X-Pro,Wearables,850,420,10,55,0,Sunday
2026-02-16,S04,Timisoara,Vivo,P100,Smartwatch X-Pro,Wearables,850,420,2,53,0,Monday
2026-02-17,S04,Timisoara,Vivo,P100,Smartwatch X-Pro,Wearables,850,420,0,53,0,Tuesday
2026-02-18,S04,Timisoara,Vivo,P100,Smartwatch X-Pro,Wearables,850,420,2,51,0,Wednesday
2026-02-19,S04,Timisoara,Vivo,P100,Smartwatch X-Pro,Wearables,850,420,0,51,0,Thursday
2026-02-20,S04,Timisoara,Vivo,P100,Smartwatch X-Pro,Wearables,850,420,5,46,0,Friday
2026-02-21,S04,Timisoara,Vivo,P100,Smartwatch X-Pro,Wearables,850,420,8,38,1,Saturday
2026-02-22,S04,Timisoara,Vivo,P100,Smartwatch X-Pro,Wearables,850,420,1,37,0,Sunday
2026-02-23,S04,Timisoara,Vivo,P100,Smartwatch X-Pro,Wearables,850,420,3,34,0,Monday
2026-02-24,S04,Timisoara,Vivo,P100,Smartwatch X-Pro,Wearables,850,420,3,31,0,Tuesday
2026-02-25,S04,Timisoara,Vivo,P100,Smartwatch X-Pro,Wearables,850,420,4,27,0,Wednesday
2026-02-26,S04,Timisoara,Vivo,P100,Smartwatch X-Pro,Wearables,850,420,1,26,0,Thursday
2026-02-27,S04,Timisoara,Vivo,P100,Smartwatch X-Pro,Wearables,850,420,1,25,0,Friday
2026-02-28,S04,Timisoara,Vivo,P100,Smartwatch X-Pro,Wearables,850,420,8,17,1,Saturday
2026-03-01,S04,Timisoara,Vivo,P100,Smartwatch X-Pro,Wearables,850,420,8,9,0,Sunday
2026-03-02,S04,Timisoara,Vivo,P100,Smartwatch X-Pro,Wearables,850,420,2,7,0,Monday
2026-02-01,S04,Timisoara,Vivo,P101,Wireless Earbuds NoiseCanc,Audio,450,180,10,236,0,Sunday
2026-02-02,S04,Timisoara,Vivo,P101,Wireless Earbuds NoiseCanc,Audio,450,180,8,228,0,Monday
2026-02-03,S04,Timisoara,Vivo,P101,Wireless Earbuds NoiseCanc,Audio,450,180,11,217,0,Tuesday
2026-02-04,S04,Timisoara,Vivo,P101,Wireless Earbuds NoiseCanc,Audio,450,180,4,213,0,Wednesday
2026-02-05,S04,Timisoara,Vivo,P101,Wireless Earbuds NoiseCanc,Audio,450,180,5,208,0,Thursday
2026-02-06,S04,Timisoara,Vivo,P101,Wireless Earbuds NoiseCanc,Audio,450,180,7,201,0,Friday
2026-02-07,S04,Timisoara,Vivo,P101,Wireless Earbuds NoiseCanc,Audio,450,180,7,194,0,Saturday
2026-02-08,S04,Timisoara,Vivo,P101,Wireless Earbuds NoiseCanc,Audio,450,180,11,183,0,Sunday
2026-02-09,S04,Timisoara,Vivo,P101,Wireless Earbuds NoiseCanc,Audio,450,180,5,178,0,Monday
2026-02-10,S04,Timisoara,Vivo,P101,Wireless Earbuds NoiseCanc,Audio,450,180,4,174,0,Tuesday
2026-02-11,S04,Timisoara,Vivo,P101,Wireless Earbuds NoiseCanc,Audio,450,180,9,165,0,Wednesday
2026-02-12,S04,Timisoara,Vivo,P101,Wireless Earbuds NoiseCanc,Audio,450,180,5,160,0,Thursday
2026-02-13,S04,Timisoara,Vivo,P101,Wireless Earbuds NoiseCanc,Audio,450,180,6,154,0,Friday
2026-02-14,S04,Timisoara,Vivo,P101,Wireless Earbuds NoiseCanc,Audio,450,180,7,147,0,Saturday
2026-02-15,S04,Timisoara,Vivo,P101,Wireless Earbuds NoiseCanc,Audio,450,180,14,133,0,Sunday
2026-02-16,S04,Timisoara,Vivo,P101,Wireless Earbuds NoiseCanc,Audio,450,180,7,126,0,Monday
2026-02-17,S04,Timisoara,Vivo,P101,Wireless Earbuds NoiseCanc,Audio,450,180,6,120,0,Tuesday
2026-02-18,S04,Timisoara,Vivo,P101,Wireless Earbuds NoiseCanc,Audio,450,180,9,111,0,Wednesday
2026-02-19,S04,Timisoara,Vivo,P101,Wireless Earbuds NoiseCanc,Audio,450,180,10,101,0,Thursday
2026-02-20,S04,Timisoara,Vivo,P101,Wireless Earbuds NoiseCanc,Audio,450,180,5,96,0,Friday
2026-02-21,S04,Timisoara,Vivo,P101,Wireless Earbuds NoiseCanc,Audio,450,180,16,80,0,Saturday
2026-02-22,S04,Timisoara,Vivo,P101,Wireless Earbuds NoiseCanc,Audio,450,180,11,69,0,Sunday
2026-02-23,S04,Timisoara,Vivo,P101,Wireless Earbuds NoiseCanc,Audio,450,180,4,65,0,Monday
2026-02-24,S04,Timisoara,Vivo,P101,Wireless Earbuds NoiseCanc,Audio,450,180,4,61,0,Tuesday
2026-02-25,S04,Timisoara,Vivo,P101,Wireless Earbuds NoiseCanc,Audio,450,180,9,52,0,Wednesday
2026-02-26,S04,Timisoara,Vivo,P101,Wireless Earbuds NoiseCanc,Audio,450,180,9,43,0,Thursday
2026-02-27,S04,Timisoara,Vivo,P101,Wireless Earbuds NoiseCanc,Audio,450,180,6,37,0,Friday
2026-02-28,S04,Timisoara,Vivo,P101,Wireless Earbuds NoiseCanc,Audio,450,180,3,34,0,Saturday
2026-03-01,S04,Timisoara,Vivo,P101,Wireless Earbuds NoiseCanc,Audio,450,180,8,26,0,Sunday
2026-03-02,S04,Timisoara,Vivo,P101,Wireless Earbuds NoiseCanc,Audio,450,180,11,15,0,Monday
2026-02-01,S04,Timisoara,Vivo,P102,PowerBank 20000mAh,Accessories,120,45,3,261,0,Sunday
2026-02-02,S04,Timisoara,Vivo,P102,PowerBank 20000mAh,Accessories,120,45,2,259,0,Monday
2026-02-03,S04,Timisoara,Vivo,P102,PowerBank 20000mAh,Accessories,120,45,3,256,0,Tuesday
2026-02-04,S04,Timisoara,Vivo,P102,PowerBank 20000mAh,Accessories,120,45,1,255,0,Wednesday
2026-02-05,S04,Timisoara,Vivo,P102,PowerBank 20000mAh,Accessories,120,45,3,252,0,Thursday
2026-02-06,S04,Timisoara,Vivo,P102,PowerBank 20000mAh,Accessories,120,45,4,248,0,Friday
2026-02-07,S04,Timisoara,Vivo,P102,PowerBank 20000mAh,Accessories,120,45,2,246,0,Saturday
2026-02-08,S04,Timisoara,Vivo,P102,PowerBank 20000mAh,Accessories,120,45,0,246,0,Sunday
2026-02-09,S04,Timisoara,Vivo,P102,PowerBank 20000mAh,Accessories,120,45,2,244,0,Monday
2026-02-10,S04,Timisoara,Vivo,P102,PowerBank 20000mAh,Accessories,120,45,2,242,0,Tuesday
2026-02-11,S04,Timisoara,Vivo,P102,PowerBank 20000mAh,Accessories,120,45,1,241,0,Wednesday
2026-02-12,S04,Timisoara,Vivo,P102,PowerBank 20000mAh,Accessories,120,45,4,237,0,Thursday
2026-02-13,S04,Timisoara,Vivo,P102,PowerBank 20000mAh,Accessories,120,45,1,236,0,Friday
2026-02-14,S04,Timisoara,Vivo,P102,PowerBank 20000mAh,Accessories,120,45,4,232,0,Saturday
2026-02-15,S04,Timisoara,Vivo,P102,PowerBank 20000mAh,Accessories,120,45,1,231,0,Sunday
2026-02-16,S04,Timisoara,Vivo,P102,PowerBank 20000mAh,Accessories,120,45,2,229,0,Monday
2026-02-17,S04,Timisoara,Vivo,P102,PowerBank 20000mAh,Accessories,120,45,1,228,0,Tuesday
2026-02-18,S04,Timisoara,Vivo,P102,PowerBank 20000mAh,Accessories,120,45,2,226,0,Wednesday
2026-02-19,S04,Timisoara,Vivo,P102,PowerBank 20000mAh,Accessories,120,45,1,225,0,Thursday
2026-02-20,S04,Timisoara,Vivo,P102,PowerBank 20000mAh,Accessories,120,45,4,221,0,Friday
2026-02-21,S04,Timisoara,Vivo,P102,PowerBank 20000mAh,Accessories,120,45,4,217,0,Saturday
2026-02-22,S04,Timisoara,Vivo,P102,PowerBank 20000mAh,Accessories,120,45,3,214,0,Sunday
2026-02-23,S04,Timisoara,Vivo,P102,PowerBank 20000mAh,Accessories,120,45,2,212,0,Monday
2026-02-24,S04,Timisoara,Vivo,P102,PowerBank 20000mAh,Accessories,120,45,2,210,0,Tuesday
2026-02-25,S04,Timisoara,Vivo,P102,PowerBank 20000mAh,Accessories,120,45,0,210,0,Wednesday
2026-02-26,S04,Timisoara,Vivo,P102,PowerBank 20000mAh,Accessories,120,45,2,208,0,Thursday
2026-02-27,S04,Timisoara,Vivo,P102,PowerBank 20000mAh,Accessories,120,45,2,206,0,Friday
2026-02-28,S04,Timisoara,Vivo,P102,PowerBank 20000mAh,Accessories,120,45,3,203,0,Saturday
2026-03-01,S04,Timisoara,Vivo,P102,PowerBank 20000mAh,Accessories,120,45,4,199,0,Sunday
2026-03-02,S04,Timisoara,Vivo,P102,PowerBank 20000mAh,Accessories,120,45,1,198,0,Monday
2026-02-01,S04,Timisoara,Vivo,P103,Ergonomic Mouse,Peripherals,240,95,5,190,0,Sunday
2026-02-02,S04,Timisoara,Vivo,P103,Ergonomic Mouse,Peripherals,240,95,2,188,0,Monday
2026-02-03,S04,Timisoara,Vivo,P103,Ergonomic Mouse,Peripherals,240,95,4,184,0,Tuesday
2026-02-04,S04,Timisoara,Vivo,P103,Ergonomic Mouse,Peripherals,240,95,6,178,0,Wednesday
2026-02-05,S04,Timisoara,Vivo,P103,Ergonomic Mouse,Peripherals,240,95,2,176,0,Thursday
2026-02-06,S04,Timisoara,Vivo,P103,Ergonomic Mouse,Peripherals,240,95,7,169,0,Friday
2026-02-07,S04,Timisoara,Vivo,P103,Ergonomic Mouse,Peripherals,240,95,9,160,0,Saturday
2026-02-08,S04,Timisoara,Vivo,P103,Ergonomic Mouse,Peripherals,240,95,11,149,0,Sunday
2026-02-09,S04,Timisoara,Vivo,P103,Ergonomic Mouse,Peripherals,240,95,3,146,0,Monday
2026-02-10,S04,Timisoara,Vivo,P103,Ergonomic Mouse,Peripherals,240,95,6,140,0,Tuesday
2026-02-11,S04,Timisoara,Vivo,P103,Ergonomic Mouse,Peripherals,240,95,3,137,0,Wednesday
2026-02-12,S04,Timisoara,Vivo,P103,Ergonomic Mouse,Peripherals,240,95,3,134,0,Thursday
2026-02-13,S04,Timisoara,Vivo,P103,Ergonomic Mouse,Peripherals,240,95,10,124,0,Friday
2026-02-14,S04,Timisoara,Vivo,P103,Ergonomic Mouse,Peripherals,240,95,3,121,0,Saturday
2026-02-15,S04,Timisoara,Vivo,P103,Ergonomic Mouse,Peripherals,240,95,7,114,0,Sunday
2026-02-16,S04,Timisoara,Vivo,P103,Ergonomic Mouse,Peripherals,240,95,7,107,0,Monday
2026-02-17,S04,Timisoara,Vivo,P103,Ergonomic Mouse,Peripherals,240,95,3,104,0,Tuesday
2026-02-18,S04,Timisoara,Vivo,P103,Ergonomic Mouse,Peripherals,240,95,6,98,0,Wednesday
2026-02-19,S04,Timisoara,Vivo,P103,Ergonomic Mouse,Peripherals,240,95,6,92,0,Thursday
2026-02-20,S04,Timisoara,Vivo,P103,Ergonomic Mouse,Peripherals,240,95,3,89,0,Friday
2026-02-21,S04,Timisoara,Vivo,P103,Ergonomic Mouse,Peripherals,240,95,5,84,0,Saturday
2026-02-22,S04,Timisoara,Vivo,P103,Ergonomic Mouse,Peripherals,240,95,9,75,0,Sunday
2026-02-23,S04,Timisoara,Vivo,P103,Ergonomic Mouse,Peripherals,240,95,6,69,0,Monday
2026-02-24,S04,Timisoara,Vivo,P103,Ergonomic Mouse,Peripherals,240,95,10,59,0,Tuesday
2026-02-25,S04,Timisoara,Vivo,P103,Ergonomic Mouse,Peripherals,240,95,4,55,0,Wednesday
2026-02-26,S04,Timisoara,Vivo,P103,Ergonomic Mouse,Peripherals,240,95,1,54,0,Thursday
2026-02-27,S04,Timisoara,Vivo,P103,Ergonomic Mouse,Peripherals,240,95,4,50,0,Friday
2026-02-28,S04,Timisoara,Vivo,P103,Ergonomic Mouse,Peripherals,240,95,10,40,0,Saturday
2026-03-01,S04,Timisoara,Vivo,P103,Ergonomic Mouse,Peripherals,240,95,11,29,0,Sunday
2026-03-02,S04,Timisoara,Vivo,P103,Ergonomic Mouse,Peripherals,240,95,7,22,0,Monday
2026-02-01,S04,Timisoara,Vivo,P104,USB-C Fast Charger 65W,Accessories,150,50,8,192,0,Sunday
2026-02-02,S04,Timisoara,Vivo,P104,USB-C Fast Charger 65W,Accessories,150,50,3,189,0,Monday
2026-02-03,S04,Timisoara,Vivo,P104,USB-C Fast Charger 65W,Accessories,150,50,9,180,0,Tuesday
2026-02-04,S04,Timisoara,Vivo,P104,USB-C Fast Charger 65W,Accessories,150,50,1,179,0,Wednesday
2026-02-05,S04,Timisoara,Vivo,P104,USB-C Fast Charger 65W,Accessories,150,50,5,174,0,Thursday
2026-02-06,S04,Timisoara,Vivo,P104,USB-C Fast Charger 65W,Accessories,150,50,7,167,0,Friday
2026-02-07,S04,Timisoara,Vivo,P104,USB-C Fast Charger 65W,Accessories,150,50,8,159,0,Saturday
2026-02-08,S04,Timisoara,Vivo,P104,USB-C Fast Charger 65W,Accessories,150,50,4,155,0,Sunday
2026-02-09,S04,Timisoara,Vivo,P104,USB-C Fast Charger 65W,Accessories,150,50,8,147,0,Monday
2026-02-10,S04,Timisoara,Vivo,P104,USB-C Fast Charger 65W,Accessories,150,50,7,140,0,Tuesday
2026-02-11,S04,Timisoara,Vivo,P104,USB-C Fast Charger 65W,Accessories,150,50,4,136,0,Wednesday
2026-02-12,S04,Timisoara,Vivo,P104,USB-C Fast Charger 65W,Accessories,150,50,3,133,0,Thursday
2026-02-13,S04,Timisoara,Vivo,P104,USB-C Fast Charger 65W,Accessories,150,50,9,124,0,Friday
2026-02-14,S04,Timisoara,Vivo,P104,USB-C Fast Charger 65W,Accessories,150,50,8,116,0,Saturday
2026-02-15,S04,Timisoara,Vivo,P104,USB-C Fast Charger 65W,Accessories,150,50,13,103,0,Sunday
2026-02-16,S04,Timisoara,Vivo,P104,USB-C Fast Charger 65W,Accessories,150,50,8,95,0,Monday
2026-02-17,S04,Timisoara,Vivo,P104,USB-C Fast Charger 65W,Accessories,150,50,6,89,0,Tuesday
2026-02-18,S04,Timisoara,Vivo,P104,USB-C Fast Charger 65W,Accessories,150,50,2,87,0,Wednesday
2026-02-19,S04,Timisoara,Vivo,P104,USB-C Fast Charger 65W,Accessories,150,50,2,85,0,Thursday
2026-02-20,S04,Timisoara,Vivo,P104,USB-C Fast Charger 65W,Accessories,150,50,8,77,0,Friday
2026-02-21,S04,Timisoara,Vivo,P104,USB-C Fast Charger 65W,Accessories,150,50,4,73,0,Saturday
2026-02-22,S04,Timisoara,Vivo,P104,USB-C Fast Charger 65W,Accessories,150,50,8,65,0,Sunday
2026-02-23,S04,Timisoara,Vivo,P104,USB-C Fast Charger 65W,Accessories,150,50,5,60,0,Monday
2026-02-24,S04,Timisoara,Vivo,P104,USB-C Fast Charger 65W,Accessories,150,50,3,57,0,Tuesday
2026-02-25,S04,Timisoara,Vivo,P104,USB-C Fast Charger 65W,Accessories,150,50,4,53,0,Wednesday
2026-02-26,S04,Timisoara,Vivo,P104,USB-C Fast Charger 65W,Accessories,150,50,5,48,0,Thursday
2026-02-27,S04,Timisoara,Vivo,P104,USB-C Fast Charger 65W,Accessories,150,50,6,42,0,Friday
2026-02-28,S04,Timisoara,Vivo,P104,USB-C Fast Charger 65W,Accessories,150,50,12,30,0,Saturday
2026-03-01,S04,Timisoara,Vivo,P104,USB-C Fast Charger 65W,Accessories,150,50,10,20,0,Sunday
2026-03-02,S04,Timisoara,Vivo,P104,USB-C Fast Charger 65W,Accessories,150,50,6,14,0,Monday
2026-02-01,S05,Iasi,Palas,P100,Smartwatch X-Pro,Wearables,850,420,6,114,0,Sunday
2026-02-02,S05,Iasi,Palas,P100,Smartwatch X-Pro,Wearables,850,420,3,111,0,Monday
2026-02-03,S05,Iasi,Palas,P100,Smartwatch X-Pro,Wearables,850,420,5,106,0,Tuesday
2026-02-04,S05,Iasi,Palas,P100,Smartwatch X-Pro,Wearables,850,420,4,102,0,Wednesday
2026-02-05,S05,Iasi,Palas,P100,Smartwatch X-Pro,Wearables,850,420,9,93,0,Thursday
2026-02-06,S05,Iasi,Palas,P100,Smartwatch X-Pro,Wearables,850,420,3,90,0,Friday
2026-02-07,S05,Iasi,Palas,P100,Smartwatch X-Pro,Wearables,850,420,6,84,1,Saturday
2026-02-08,S05,Iasi,Palas,P100,Smartwatch X-Pro,Wearables,850,420,1,83,0,Sunday
2026-02-09,S05,Iasi,Palas,P100,Smartwatch X-Pro,Wearables,850,420,3,80,0,Monday
2026-02-10,S05,Iasi,Palas,P100,Smartwatch X-Pro,Wearables,850,420,1,79,0,Tuesday
2026-02-11,S05,Iasi,Palas,P100,Smartwatch X-Pro,Wearables,850,420,4,75,0,Wednesday
2026-02-12,S05,Iasi,Palas,P100,Smartwatch X-Pro,Wearables,850,420,3,72,0,Thursday
2026-02-13,S05,Iasi,Palas,P100,Smartwatch X-Pro,Wearables,850,420,4,68,0,Friday
2026-02-14,S05,Iasi,Palas,P100,Smartwatch X-Pro,Wearables,850,420,15,53,1,Saturday
2026-02-15,S05,Iasi,Palas,P100,Smartwatch X-Pro,Wearables,850,420,3,50,0,Sunday
2026-02-16,S05,Iasi,Palas,P100,Smartwatch X-Pro,Wearables,850,420,4,46,0,Monday
2026-02-17,S05,Iasi,Palas,P100,Smartwatch X-Pro,Wearables,850,420,0,46,0,Tuesday
2026-02-18,S05,Iasi,Palas,P100,Smartwatch X-Pro,Wearables,850,420,3,43,0,Wednesday
2026-02-19,S05,Iasi,Palas,P100,Smartwatch X-Pro,Wearables,850,420,1,42,0,Thursday
2026-02-20,S05,Iasi,Palas,P100,Smartwatch X-Pro,Wearables,850,420,2,40,0,Friday
2026-02-21,S05,Iasi,Palas,P100,Smartwatch X-Pro,Wearables,850,420,13,27,1,Saturday
2026-02-22,S05,Iasi,Palas,P100,Smartwatch X-Pro,Wearables,850,420,6,21,0,Sunday
2026-02-23,S05,Iasi,Palas,P100,Smartwatch X-Pro,Wearables,850,420,5,16,0,Monday
2026-02-24,S05,Iasi,Palas,P100,Smartwatch X-Pro,Wearables,850,420,1,15,0,Tuesday
2026-02-25,S05,Iasi,Palas,P100,Smartwatch X-Pro,Wearables,850,420,5,10,0,Wednesday
2026-02-26,S05,Iasi,Palas,P100,Smartwatch X-Pro,Wearables,850,420,3,7,0,Thursday
2026-02-27,S05,Iasi,Palas,P100,Smartwatch X-Pro,Wearables,850,420,4,3,0,Friday
2026-02-28,S05,Iasi,Palas,P100,Smartwatch X-Pro,Wearables,850,420,3,0,1,Saturday
2026-03-01,S05,Iasi,Palas,P100,Smartwatch X-Pro,Wearables,850,420,0,0,0,Sunday
2026-03-02,S05,Iasi,Palas,P100,Smartwatch X-Pro,Wearables,850,420,0,0,0,Monday
2026-02-01,S05,Iasi,Palas,P101,Wireless Earbuds NoiseCanc,Audio,450,180,5,241,0,Sunday
2026-02-02,S05,Iasi,Palas,P101,Wireless Earbuds NoiseCanc,Audio,450,180,5,236,0,Monday
2026-02-03,S05,Iasi,Palas,P101,Wireless Earbuds NoiseCanc,Audio,450,180,5,231,0,Tuesday
2026-02-04,S05,Iasi,Palas,P101,Wireless Earbuds NoiseCanc,Audio,450,180,6,225,0,Wednesday
2026-02-05,S05,Iasi,Palas,P101,Wireless Earbuds NoiseCanc,Audio,450,180,5,220,0,Thursday
2026-02-06,S05,Iasi,Palas,P101,Wireless Earbuds NoiseCanc,Audio,450,180,11,209,0,Friday
2026-02-07,S05,Iasi,Palas,P101,Wireless Earbuds NoiseCanc,Audio,450,180,12,197,0,Saturday
2026-02-08,S05,Iasi,Palas,P101,Wireless Earbuds NoiseCanc,Audio,450,180,10,187,0,Sunday
2026-02-09,S05,Iasi,Palas,P101,Wireless Earbuds NoiseCanc,Audio,450,180,4,183,0,Monday
2026-02-10,S05,Iasi,Palas,P101,Wireless Earbuds NoiseCanc,Audio,450,180,8,175,0,Tuesday
2026-02-11,S05,Iasi,Palas,P101,Wireless Earbuds NoiseCanc,Audio,450,180,6,169,0,Wednesday
2026-02-12,S05,Iasi,Palas,P101,Wireless Earbuds NoiseCanc,Audio,450,180,4,165,0,Thursday
2026-02-13,S05,Iasi,Palas,P101,Wireless Earbuds NoiseCanc,Audio,450,180,7,158,0,Friday
2026-02-14,S05,Iasi,Palas,P101,Wireless Earbuds NoiseCanc,Audio,450,180,7,151,0,Saturday
2026-02-15,S05,Iasi,Palas,P101,Wireless Earbuds NoiseCanc,Audio,450,180,11,140,0,Sunday
2026-02-16,S05,Iasi,Palas,P101,Wireless Earbuds NoiseCanc,Audio,450,180,7,133,0,Monday
2026-02-17,S05,Iasi,Palas,P101,Wireless Earbuds NoiseCanc,Audio,450,180,4,129,0,Tuesday
2026-02-18,S05,Iasi,Palas,P101,Wireless Earbuds NoiseCanc,Audio,450,180,3,126,0,Wednesday
2026-02-19,S05,Iasi,Palas,P101,Wireless Earbuds NoiseCanc,Audio,450,180,4,122,0,Thursday
2026-02-20,S05,Iasi,Palas,P101,Wireless Earbuds NoiseCanc,Audio,450,180,6,116,0,Friday
2026-02-21,S05,Iasi,Palas,P101,Wireless Earbuds NoiseCanc,Audio,450,180,7,109,0,Saturday
2026-02-22,S05,Iasi,Palas,P101,Wireless Earbuds NoiseCanc,Audio,450,180,10,99,0,Sunday
2026-02-23,S05,Iasi,Palas,P101,Wireless Earbuds NoiseCanc,Audio,450,180,7,92,0,Monday
2026-02-24,S05,Iasi,Palas,P101,Wireless Earbuds NoiseCanc,Audio,450,180,7,85,0,Tuesday
2026-02-25,S05,Iasi,Palas,P101,Wireless Earbuds NoiseCanc,Audio,450,180,7,78,0,Wednesday
2026-02-26,S05,Iasi,Palas,P101,Wireless Earbuds NoiseCanc,Audio,450,180,3,75,0,Thursday
2026-02-27,S05,Iasi,Palas,P101,Wireless Earbuds NoiseCanc,Audio,450,180,12,63,0,Friday
2026-02-28,S05,Iasi,Palas,P101,Wireless Earbuds NoiseCanc,Audio,450,180,7,56,0,Saturday
2026-03-01,S05,Iasi,Palas,P101,Wireless Earbuds NoiseCanc,Audio,450,180,8,48,0,Sunday
2026-03-02,S05,Iasi,Palas,P101,Wireless Earbuds NoiseCanc,Audio,450,180,7,41,0,Monday
2026-02-01,S05,Iasi,Palas,P102,PowerBank 20000mAh,Accessories,120,45,21,389,0,Sunday
2026-02-02,S05,Iasi,Palas,P102,PowerBank 20000mAh,Accessories,120,45,6,383,0,Monday
2026-02-03,S05,Iasi,Palas,P102,PowerBank 20000mAh,Accessories,120,45,15,368,0,Tuesday
2026-02-04,S05,Iasi,Palas,P102,PowerBank 20000mAh,Accessories,120,45,14,354,0,Wednesday
2026-02-05,S05,Iasi,Palas,P102,PowerBank 20000mAh,Accessories,120,45,23,331,0,Thursday
2026-02-06,S05,Iasi,Palas,P102,PowerBank 20000mAh,Accessories,120,45,12,319,0,Friday
2026-02-07,S05,Iasi,Palas,P102,PowerBank 20000mAh,Accessories,120,45,15,304,0,Saturday
2026-02-08,S05,Iasi,Palas,P102,PowerBank 20000mAh,Accessories,120,45,20,284,0,Sunday
2026-02-09,S05,Iasi,Palas,P102,PowerBank 20000mAh,Accessories,120,45,16,268,0,Monday
2026-02-10,S05,Iasi,Palas,P102,PowerBank 20000mAh,Accessories,120,45,17,251,0,Tuesday
2026-02-11,S05,Iasi,Palas,P102,PowerBank 20000mAh,Accessories,120,45,20,231,0,Wednesday
2026-02-12,S05,Iasi,Palas,P102,PowerBank 20000mAh,Accessories,120,45,18,213,0,Thursday
2026-02-13,S05,Iasi,Palas,P102,PowerBank 20000mAh,Accessories,120,45,12,201,0,Friday
2026-02-14,S05,Iasi,Palas,P102,PowerBank 20000mAh,Accessories,120,45,27,174,0,Saturday
2026-02-15,S05,Iasi,Palas,P102,PowerBank 20000mAh,Accessories,120,45,27,147,0,Sunday
2026-02-16,S05,Iasi,Palas,P102,PowerBank 20000mAh,Accessories,120,45,10,137,0,Monday
2026-02-17,S05,Iasi,Palas,P102,PowerBank 20000mAh,Accessories,120,45,16,121,0,Tuesday
2026-02-18,S05,Iasi,Palas,P102,PowerBank 20000mAh,Accessories,120,45,18,103,0,Wednesday
2026-02-19,S05,Iasi,Palas,P102,PowerBank 20000mAh,Accessories,120,45,10,93,0,Thursday
2026-02-20,S05,Iasi,Palas,P102,PowerBank 20000mAh,Accessories,120,45,16,77,0,Friday
2026-02-21,S05,Iasi,Palas,P102,PowerBank 20000mAh,Accessories,120,45,28,49,0,Saturday
2026-02-22,S05,Iasi,Palas,P102,PowerBank 20000mAh,Accessories,120,45,30,19,0,Sunday
2026-02-23,S05,Iasi,Palas,P102,PowerBank 20000mAh,Accessories,120,45,11,8,0,Monday
2026-02-24,S05,Iasi,Palas,P102,PowerBank 20000mAh,Accessories,120,45,8,0,0,Tuesday
2026-02-25,S05,Iasi,Palas,P102,PowerBank 20000mAh,Accessories,120,45,0,0,0,Wednesday
2026-02-26,S05,Iasi,Palas,P102,PowerBank 20000mAh,Accessories,120,45,0,0,0,Thursday
2026-02-27,S05,Iasi,Palas,P102,PowerBank 20000mAh,Accessories,120,45,0,0,0,Friday
2026-02-28,S05,Iasi,Palas,P102,PowerBank 20000mAh,Accessories,120,45,0,0,0,Saturday
2026-03-01,S05,Iasi,Palas,P102,PowerBank 20000mAh,Accessories,120,45,0,0,0,Sunday
2026-03-02,S05,Iasi,Palas,P102,PowerBank 20000mAh,Accessories,120,45,0,0,0,Monday
2026-02-01,S05,Iasi,Palas,P103,Ergonomic Mouse,Peripherals,240,95,7,145,0,Sunday
2026-02-02,S05,Iasi,Palas,P103,Ergonomic Mouse,Peripherals,240,95,5,140,0,Monday
2026-02-03,S05,Iasi,Palas,P103,Ergonomic Mouse,Peripherals,240,95,7,133,0,Tuesday
2026-02-04,S05,Iasi,Palas,P103,Ergonomic Mouse,Peripherals,240,95,2,131,0,Wednesday
2026-02-05,S05,Iasi,Palas,P103,Ergonomic Mouse,Peripherals,240,95,1,130,0,Thursday
2026-02-06,S05,Iasi,Palas,P103,Ergonomic Mouse,Peripherals,240,95,3,127,0,Friday
2026-02-07,S05,Iasi,Palas,P103,Ergonomic Mouse,Peripherals,240,95,5,122,0,Saturday
2026-02-08,S05,Iasi,Palas,P103,Ergonomic Mouse,Peripherals,240,95,4,118,0,Sunday
2026-02-09,S05,Iasi,Palas,P103,Ergonomic Mouse,Peripherals,240,95,2,116,0,Monday
2026-02-10,S05,Iasi,Palas,P103,Ergonomic Mouse,Peripherals,240,95,2,114,0,Tuesday
2026-02-11,S05,Iasi,Palas,P103,Ergonomic Mouse,Peripherals,240,95,3,111,0,Wednesday
2026-02-12,S05,Iasi,Palas,P103,Ergonomic Mouse,Peripherals,240,95,4,107,0,Thursday
2026-02-13,S05,Iasi,Palas,P103,Ergonomic Mouse,Peripherals,240,95,3,104,0,Friday
2026-02-14,S05,Iasi,Palas,P103,Ergonomic Mouse,Peripherals,240,95,9,95,0,Saturday
2026-02-15,S05,Iasi,Palas,P103,Ergonomic Mouse,Peripherals,240,95,9,86,0,Sunday
2026-02-16,S05,Iasi,Palas,P103,Ergonomic Mouse,Peripherals,240,95,3,83,0,Monday
2026-02-17,S05,Iasi,Palas,P103,Ergonomic Mouse,Peripherals,240,95,3,80,0,Tuesday
2026-02-18,S05,Iasi,Palas,P103,Ergonomic Mouse,Peripherals,240,95,6,74,0,Wednesday
2026-02-19,S05,Iasi,Palas,P103,Ergonomic Mouse,Peripherals,240,95,3,71,0,Thursday
2026-02-20,S05,Iasi,Palas,P103,Ergonomic Mouse,Peripherals,240,95,2,69,0,Friday
2026-02-21,S05,Iasi,Palas,P103,Ergonomic Mouse,Peripherals,240,95,6,63,0,Saturday
2026-02-22,S05,Iasi,Palas,P103,Ergonomic Mouse,Peripherals,240,95,4,59,0,Sunday
2026-02-23,S05,Iasi,Palas,P103,Ergonomic Mouse,Peripherals,240,95,7,52,0,Monday
2026-02-24,S05,Iasi,Palas,P103,Ergonomic Mouse,Peripherals,240,95,1,51,0,Tuesday
2026-02-25,S05,Iasi,Palas,P103,Ergonomic Mouse,Peripherals,240,95,3,48,0,Wednesday
2026-02-26,S05,Iasi,Palas,P103,Ergonomic Mouse,Peripherals,240,95,2,46,0,Thursday
2026-02-27,S05,Iasi,Palas,P103,Ergonomic Mouse,Peripherals,240,95,2,44,0,Friday
2026-02-28,S05,Iasi,Palas,P103,Ergonomic Mouse,Peripherals,240,95,3,41,0,Saturday
2026-03-01,S05,Iasi,Palas,P103,Ergonomic Mouse,Peripherals,240,95,2,39,0,Sunday
2026-03-02,S05,Iasi,Palas,P103,Ergonomic Mouse,Peripherals,240,95,3,36,0,Monday
2026-02-01,S05,Iasi,Palas,P104,USB-C Fast Charger 65W,Accessories,150,50,11,194,0,Sunday
2026-02-02,S05,Iasi,Palas,P104,USB-C Fast Charger 65W,Accessories,150,50,3,191,0,Monday
2026-02-03,S05,Iasi,Palas,P104,USB-C Fast Charger 65W,Accessories,150,50,7,184,0,Tuesday
2026-02-04,S05,Iasi,Palas,P104,USB-C Fast Charger 65W,Accessories,150,50,2,182,0,Wednesday
2026-02-05,S05,Iasi,Palas,P104,USB-C Fast Charger 65W,Accessories,150,50,5,177,0,Thursday
2026-02-06,S05,Iasi,Palas,P104,USB-C Fast Charger 65W,Accessories,150,50,3,174,0,Friday
2026-02-07,S05,Iasi,Palas,P104,USB-C Fast Charger 65W,Accessories,150,50,3,171,0,Saturday
2026-02-08,S05,Iasi,Palas,P104,USB-C Fast Charger 65W,Accessories,150,50,9,162,0,Sunday
2026-02-09,S05,Iasi,Palas,P104,USB-C Fast Charger 65W,Accessories,150,50,5,157,0,Monday
2026-02-10,S05,Iasi,Palas,P104,USB-C Fast Charger 65W,Accessories,150,50,3,154,0,Tuesday
2026-02-11,S05,Iasi,Palas,P104,USB-C Fast Charger 65W,Accessories,150,50,5,149,0,Wednesday
2026-02-12,S05,Iasi,Palas,P104,USB-C Fast Charger 65W,Accessories,150,50,6,143,0,Thursday
2026-02-13,S05,Iasi,Palas,P104,USB-C Fast Charger 65W,Accessories,150,50,3,140,0,Friday
2026-02-14,S05,Iasi,Palas,P104,USB-C Fast Charger 65W,Accessories,150,50,4,136,0,Saturday
2026-02-15,S05,Iasi,Palas,P104,USB-C Fast Charger 65W,Accessories,150,50,3,133,0,Sunday
2026-02-16,S05,Iasi,Palas,P104,USB-C Fast Charger 65W,Accessories,150,50,6,127,0,Monday
2026-02-17,S05,Iasi,Palas,P104,USB-C Fast Charger 65W,Accessories,150,50,4,123,0,Tuesday
2026-02-18,S05,Iasi,Palas,P104,USB-C Fast Charger 65W,Accessories,150,50,3,120,0,Wednesday
2026-02-19,S05,Iasi,Palas,P104,USB-C Fast Charger 65W,Accessories,150,50,11,109,0,Thursday
2026-02-20,S05,Iasi,Palas,P104,USB-C Fast Charger 65W,Accessories,150,50,2,107,0,Friday
2026-02-21,S05,Iasi,Palas,P104,USB-C Fast Charger 65W,Accessories,150,50,13,94,0,Saturday
2026-02-22,S05,Iasi,Palas,P104,USB-C Fast Charger 65W,Accessories,150,50,8,86,0,Sunday
2026-02-23,S05,Iasi,Palas,P104,USB-C Fast Charger 65W,Accessories,150,50,5,81,0,Monday
2026-02-24,S05,Iasi,Palas,P104,USB-C Fast Charger 65W,Accessories,150,50,6,75,0,Tuesday
2026-02-25,S05,Iasi,Palas,P104,USB-C Fast Charger 65W,Accessories,150,50,4,71,0,Wednesday
2026-02-26,S05,Iasi,Palas,P104,USB-C Fast Charger 65W,Accessories,150,50,3,68,0,Thursday
2026-02-27,S05,Iasi,Palas,P104,USB-C Fast Charger 65W,Accessories,150,50,10,58,0,Friday
2026-02-28,S05,Iasi,Palas,P104,USB-C Fast Charger 65W,Accessories,150,50,6,52,0,Saturday
2026-03-01,S05,Iasi,Palas,P104,USB-C Fast Charger 65W,Accessories,150,50,8,44,0,Sunday
2026-03-02,S05,Iasi,Palas,P104,USB-C Fast Charger 65W,Accessories,150,50,6,38,0,Monday
